item,cost,avg_price,min_price,reagent_sources
1450,100,130,100,878:cc
2305,4838,6289,4838,"2318:cc,2320:cc"
2306,4276,5559,4276,"2318:cc,2320:cc"
2460,2307,2999,2307,"2449:cc,785:cc,3371:cc"
2685,1466,1906,1466,2677:cc
2847,10925,14202,10925,"2840:cc,2880:cc,2589:cc"
2867,7996,10395,7996,2841:cc
3469,12848,16702,12848,2840:cc
3846,130876,170139,130876,"3859:cc,3864:cc,1705:cc,3486:cc"
3854,199950,259935,199950,"3859:cc,1529:cc,3829:cc"
3855,166100,215930,166100,"3575:cc,3466:cc,3486:cc,3577:cc,4234:cc"
3856,112032,145642,112032,"3859:cc,3864:cc,3824:cc"
4376,3009,3912,3009,"4375:cc,4402:cc"
4403,57054,74170,57054,"4371:cc,4387:cc,4377:cc,2319:cc"
5473,470,611,470,5466:cc
5474,1988,2584,1988,5467:cc
5478,1,1,1,5051:vendor
5526,1913,2487,1913,"5503:cc,1179:cc"
5783,320383,416498,320383,"5785:cc,4236:cc,4234:cc,4291:cc"
6038,1294,1682,1294,4655:cc
6218,22278,28961,22278,"6217:cc,10940:cc,10938:cc"
6243,5147,6691,5147,"2997:cc,2321:cc,2605:cc"
6339,41148,53492,41148,"6338:cc,10940:cc,10939:cc,6218:derived"
6730,19508,25360,19508,"2840:cc,774:cc,3470:cc"
6733,57950,75335,57950,"2841:cc,1210:cc,3478:cc"
7027,47027,61135,47027,"4305:cc,2319:cc,6048:cc,2321:cc"
7047,74586,96962,74586,"4305:cc,4234:cc,6048:cc,2321:cc"
7054,76908,99980,76908,"4339:cc,7067:cc,7070:cc,7068:cc,7069:cc,4291:cc"
7056,140500,182650,140500,"4305:cc,2604:cc,6371:cc,4291:cc"
7063,259036,336747,259036,"4305:cc,7068:cc,3827:cc,2604:cc,4291:cc"
7064,266488,346434,266488,"4305:cc,7068:cc,6371:cc,4304:cc,2604:cc,4291:cc"
7283,17702,23013,17702,"7286:cc,2319:cc,2321:cc"
7359,66828,86876,66828,"2319:cc,7067:cc,2997:cc,2321:cc"
7913,112488,146234,112488,"3575:cc,5635:cc,3486:cc"
7914,243400,316420,243400,"3575:cc,3486:cc"
7917,178756,232383,178756,"3575:cc,3486:cc,5637:cc"
7925,354776,461209,354776,"3860:cc,4234:cc,4338:cc"
7927,443119,576055,443119,"3860:cc,4338:cc,6037:cc,7966:cc"
7928,528799,687439,528799,"3860:cc,6037:cc,4304:cc"
7929,503700,654810,503700,"3860:cc,7067:cc"
7932,590976,768269,590976,"3860:cc,4304:cc"
7935,666529,866488,666529,"3860:cc,6037:cc,7077:cc,7966:cc"
7937,653270,849251,653270,"3860:cc,6037:cc,7966:cc"
7938,464938,604419,464938,"3860:cc,6037:cc,7909:cc,3864:cc,5966:cc,7966:cc"
7947,548898,713567,548898,"3860:cc,6037:cc,7910:cc,7966:cc,4304:cc"
7954,1199895,1559864,1199895,"3860:cc,7075:cc,6037:cc,3864:cc,1529:cc,7966:cc,4304:cc"
7955,17342,22545,17342,"2840:cc,2880:cc,3470:cc,2318:cc"
7959,1246134,1619974,1246134,"3860:cc,7972:cc,6037:cc,7966:cc,4304:cc"
8195,96528,125486,96528,"4304:cc,4291:cc"
8208,112540,146302,112540,"4304:cc,8154:cc,8343:cc"
8211,126393,164311,126393,"4304:cc,8153:cc,8172:cc"
8212,214300,278590,214300,"4304:cc,8153:cc,8172:cc"
8214,110905,144176,110905,"4304:cc,8153:cc,8172:cc"
8215,214300,278590,214300,"4304:cc,8153:cc,8172:cc"
8529,3500,4550,3500,43621:vendor
9149,155555,202222,155555,"3575:cc,9262:cc,8831:cc,4625:cc"
9254,186,242,186,"9251:vendor,9252:vendor,9253:vendor"
9280,45,58,45,9279:vendor
9281,45,58,45,9282:derived
9282,45,58,45,9280:derived
9316,45,58,45,9281:derived
9372,26383,34298,26383,9379:vendor
10010,78782,102417,78782,"4339:cc,7079:cc,8343:cc"
10011,68822,89469,68822,"4339:cc,7079:cc,8343:cc"
10020,98313,127807,98313,"4339:cc,7079:cc,8343:cc"
10032,97924,127301,97924,"4339:cc,7079:cc,8343:cc"
10038,136926,178004,136926,"4339:cc,7079:cc,8343:cc"
10039,162374,211086,162374,"4339:cc,7079:cc,8343:cc,4304:cc"
10542,419566,545436,419566,"3860:cc,3864:cc,7067:cc"
10543,332766,432596,332766,"3860:cc,3864:cc,7068:cc"
10545,221476,287919,221476,"10500:cc,10559:cc,10558:cc,8151:cc,4234:cc"
10579,104500,135850,104500,"3030:cc,10505:cc,3860:cc"
10580,144739,188161,144739,"10561:cc,10505:cc,10558:cc,3860:cc"
10585,132376,172089,132376,"10561:cc,3860:cc,4389:cc,10560:cc"
10587,193879,252043,193879,"10561:cc,10505:cc,6037:cc,10560:cc,4407:cc"
10588,1075389,1398006,1075389,"10543:derived,9061:cc,3860:cc,10560:cc"
10645,86207,112069,86207,"10559:cc,10560:cc,12808:cc,7972:cc,9060:cc"
10716,299397,389216,299397,"10559:cc,10560:cc,3860:cc,8151:cc,1529:cc"
10719,170971,222262,170971,"10559:cc,10560:cc,3860:cc"
10721,195532,254192,195532,"7387:cc,3860:cc,6037:cc,10560:cc,7909:cc"
10723,132376,172089,132376,"10561:cc,3860:cc,4389:cc,10560:cc"
10725,403699,524809,403699,"10561:cc,6037:cc,3860:cc,9060:cc,10558:cc,1529:cc"
10726,463571,602642,463571,"3860:cc,6037:cc,10558:cc,7910:cc,4338:cc"
10727,849329,1104128,849329,"10559:cc,9061:cc,3860:cc,6037:cc,10560:cc"
10841,6420,8346,6420,"3821:cc,159:cc"
11024,542,705,542,"11018:vendor,11022:vendor"
11130,118827,154475,118827,"11128:cc,5500:cc,11082:cc,11083:cc,6339:derived"
11145,326915,424990,326915,"11144:cc,7971:cc,11135:cc,11137:cc,11130:derived"
11604,5031352,6540758,5031352,"11371:cc,7077:cc"
11605,1503919,1955095,1503919,"11371:cc,7077:cc"
11606,2507838,3260189,2507838,"11371:cc,7077:cc"
11607,6515676,8470379,6515676,"11371:cc,7077:cc"
11608,4515676,5870379,4515676,"11371:cc,7077:cc"
11811,458280,595764,458280,"7078:cc,14343:cc"
12144,45,58,45,9280:derived
12215,16000,20800,16000,12204:cc
12224,98,127,98,12223:cc
12415,507780,660114,507780,"12359:cc,7077:cc,7910:cc"
12417,500218,650283,500218,"12359:cc,7077:cc"
12420,554056,720273,554056,"12359:cc,7077:cc"
12429,646056,839873,646056,12359:cc
12443,11463,14902,11463,"12442:vendor,12440:none"
12610,686580,892554,686580,"12359:cc,12360:cc,3577:cc"
12611,677230,880399,677230,"12359:cc,12360:cc,2842:cc"
12612,1130021,1469027,1130021,"12359:cc,12360:cc,6037:cc,12364:cc"
12613,1212160,1575808,1212160,"12359:cc,12360:cc,7910:cc"
12614,1212160,1575808,1212160,"12359:cc,12360:cc,7910:cc"
12618,3283930,4269109,3283930,"12360:cc,12655:cc,7076:cc,7080:cc,12364:cc,12800:cc"
12619,3379781,4393715,3379781,"12360:cc,12655:cc,7080:cc,12361:cc,12364:cc"
12620,1360516,1768671,1360516,"12360:cc,12655:cc,7076:cc,12799:cc,12800:cc"
12624,2702969,3513860,2702969,"12359:cc,12655:cc,12803:cc,8153:cc,12364:cc"
12625,1967942,2558325,1967942,"12359:cc,12360:cc,12364:cc,7080:cc"
12628,1344360,1747668,1344360,"12359:cc,12662:vendor,12361:cc,7910:cc"
12632,2346380,3050294,2346380,"12359:cc,12655:cc,7080:cc,12361:cc"
12633,1029246,1338020,1029246,"12359:cc,12655:cc,6037:cc,3577:cc,12800:cc"
12636,2388182,3104637,2388182,"12359:cc,12655:cc,12799:cc,12364:cc"
12639,2476520,3219476,2476520,"12360:cc,12655:cc,7076:cc,12361:cc,12799:cc"
12640,4230832,5500082,4230832,"12359:cc,12360:cc,12361:cc,12800:cc"
12641,4422654,5749450,4422654,"12360:cc,12655:cc,12364:cc,12800:cc"
12764,315190,409747,315190,"12359:cc,12644:cc,8170:cc"
12769,3921072,5097394,3921072,"12359:cc,12803:cc,8153:cc,12799:cc,12644:cc,8170:cc"
12772,975040,1267552,975040,"12359:cc,3577:cc,6037:cc,12361:cc,8170:cc"
12773,613810,797953,613810,"12359:cc,12799:cc,12644:cc,8170:cc"
12776,1045142,1358685,1045142,"12359:cc,12655:cc,12364:cc,12804:cc,8170:cc"
12777,1094332,1422632,1094332,"12655:cc,7078:cc,7077:cc,12800:cc,12644:cc"
12779,1152190,1497847,1152190,"12359:cc,12799:cc,12644:cc,8170:cc"
12781,783601,1018681,783601,"12655:cc,12360:cc,12804:cc,12799:cc,12361:cc,12364:cc"
12782,1568360,2038868,1568360,"12359:cc,12360:cc,12662:vendor,12808:cc,12361:cc,12644:cc,8170:cc"
12783,3058228,3975696,3058228,"12360:cc,12655:cc,12810:cc,7910:cc,12800:cc,12799:cc,12644:cc"
12784,1592000,2069600,1592000,"12360:cc,12810:cc,12644:cc"
12790,4051280,5266664,4051280,"12360:cc,12800:cc,12811:cc,12799:cc,12810:cc,12644:cc"
12792,928846,1207500,928846,"12359:cc,7077:cc,7910:cc,8170:cc"
12794,3544296,4607585,3544296,"12655:cc,12364:cc,12799:cc,7076:cc,12810:cc"
12795,810800,1054040,810800,"12655:cc,12360:cc,12662:vendor,7910:cc,12644:cc"
12796,3425626,4453314,3425626,"12359:cc,12360:cc,12809:cc,12810:cc,7076:cc"
12797,5044624,6558011,5044624,"12360:cc,12361:cc,12800:cc,7080:cc,12644:cc,12810:cc"
12798,3911008,5084310,3911008,"12359:cc,12360:cc,12808:cc,12364:cc,12644:cc,12810:cc"
12802,1112218,1445883,1112218,"12655:cc,12804:cc,12364:cc,12800:cc,12644:cc"
13460,7634,9924,7634,"7069:cc,13463:cc,8925:cc"
13503,10851107,14106439,10851107,"9149:derived,25867:cc,25868:cc,22794:cc,23571:cc"
13867,182106,236738,182106,"14048:cc,14227:cc,8170:cc,14341:cc"
14044,223500,290550,223500,"14048:cc,7078:cc,14341:cc"
14104,106100,137930,106100,"14048:cc,3577:cc"
14128,124306,161598,124306,"14048:cc,11176:cc,14341:cc"
14130,117262,152441,117262,"14048:cc,11176:cc,7910:cc,14341:cc"
14136,2439546,3171410,2439546,"14048:cc,14256:cc,12808:cc,7080:cc,14341:cc"
14137,1088550,1415115,1088550,"14048:cc,14342:cc,14341:cc"
14138,1088550,1415115,1088550,"14048:cc,14342:cc,14341:cc"
14139,1324000,1721200,1324000,"14048:cc,14342:cc,14341:cc"
14140,1905028,2476536,1905028,"14048:cc,14342:cc,12800:cc,12810:cc,14341:cc"
14141,89100,115830,89100,"14048:cc,9210:cc"
14142,69100,89830,69100,"14048:cc,9210:cc"
14143,69100,89830,69100,"14048:cc,9210:cc"
14144,123650,160745,123650,"14048:cc,9210:cc"
14146,25059686,32577592,25059686,"14048:cc,14342:cc,9210:cc,13926:cc,12364:cc,12810:cc,14341:cc"
14152,10611370,13794781,10611370,"14048:cc,7078:cc,7082:cc,7076:cc,7080:cc,14341:cc"
14153,4296420,5585346,4296420,"14048:cc,12662:vendor,14256:cc,7078:cc,12808:cc,14341:cc"
14154,17816764,23161793,17816764,"14048:cc,14342:cc,12811:cc,13926:cc,9210:cc,14341:cc"
14645,53838,69989,53838,12359:cc
15047,1038220,1349686,1038220,"8170:cc,15414:cc,14341:cc"
15048,625900,813670,625900,"8170:cc,15415:cc,15407:cc,14341:cc"
15049,755900,982670,755900,"8170:cc,15415:cc,12810:cc,15407:cc,14341:cc"
15050,547150,711295,547150,"8170:cc,15416:cc,15407:cc,14341:cc"
15052,547150,711295,547150,"8170:cc,15416:cc,15407:cc,14341:cc"
15053,306678,398681,306678,"8170:cc,7078:cc,7076:cc,14341:cc"
15054,235326,305924,235326,"8170:cc,7078:cc,7075:cc,14341:cc"
15055,329928,428906,329928,"8170:cc,7078:cc,7076:cc,14341:cc"
15056,1483897,1929066,1483897,"8170:cc,7082:cc,15407:cc,14341:cc"
15057,1035248,1345822,1035248,"8170:cc,7082:cc,14341:cc"
15058,1454003,1890204,1454003,"8170:cc,7082:cc,14227:cc"
15059,3441142,4473485,3441142,"8170:cc,12803:cc,14342:cc,15407:cc,14341:cc"
15060,2254144,2930387,2254144,"8170:cc,12803:cc,15407:cc,14341:cc"
15061,1504746,1956170,1504746,"8170:cc,12803:cc,14341:cc"
15064,328234,426704,328234,"8170:cc,15419:cc,14341:cc"
15066,419855,545812,419855,"8170:cc,17056:cc,1529:cc,15407:cc,14341:cc"
15067,291680,379184,291680,"8170:cc,17056:cc,1529:cc,14341:cc"
15068,551150,716495,551150,"8170:cc,7080:cc,15407:cc,14341:cc"
15070,464250,603525,464250,"8170:cc,7080:cc,14341:cc"
15071,442250,574925,442250,"8170:cc,7080:cc,14341:cc"
15074,410124,533161,410124,"8170:cc,12803:cc,14341:cc"
15076,197918,257293,197918,"8170:cc,15408:cc,14341:cc"
15078,241474,313916,241474,"8170:cc,15408:cc,14341:cc"
15079,350586,455762,350586,"8170:cc,15408:cc,14341:cc"
15081,481042,625355,481042,"8170:cc,15408:cc,15407:cc,14341:cc"
15085,382666,497466,382666,"8170:cc,15407:cc,14256:cc,2325:cc,14341:cc"
15090,546550,710515,546550,"8170:cc,12810:cc,14047:cc,15407:cc,14341:cc"
15095,346050,449865,346050,"8170:cc,14047:cc,12810:cc,14341:cc"
15096,483350,628355,483350,"8170:cc,12810:cc,14047:cc,15407:cc,14341:cc"
15141,1114500,1448850,1114500,"8170:cc,15410:cc,15416:cc,14341:cc"
15802,1167378,1517591,1167378,"14048:cc,14342:cc,7971:cc,14341:cc"
16004,3193620,4151706,3193620,"16000:cc,11371:cc,10546:cc,12361:cc,12799:cc,8170:cc"
16005,265704,345415,265704,"15994:cc,11371:cc,15992:cc,14047:cc"
16007,2131512,2770966,2131512,"12360:cc,16000:cc,7078:cc,7076:cc,12800:cc,12810:cc"
16008,810562,1053731,810562,"10500:cc,12364:cc,12810:cc"
16009,1052481,1368225,1052481,"16006:cc,10558:cc,15994:cc,12799:cc"
16023,348091,452518,348091,"10561:cc,16000:cc,15994:cc,6037:cc,8170:cc,14047:cc"
16207,4602144,5982787,4602144,"16206:cc,13926:cc,16204:cc,16203:cc,11145:derived,14344:cc"
16642,248,322,248,"16645:vendor,16646:vendor,16647:vendor,16648:vendor"
16643,248,322,248,"16649:vendor,16650:vendor,16651:vendor,16652:vendor"
16644,248,322,248,"16653:vendor,16654:vendor,16655:vendor,16656:vendor"
16979,1085700,1411410,1085700,"14048:cc,17010:cc,7078:cc,12810:cc,14341:cc"
16980,1281796,1666335,1281796,"14048:cc,17010:cc,17011:cc,12810:cc,14341:cc"
16982,2019028,2624736,2019028,"17012:cc,17010:cc,17011:cc,14341:cc"
16983,1438510,1870063,1438510,"17012:cc,17010:cc,17011:cc,14341:cc"
16984,718522,934079,718522,"15416:cc,17010:cc,17011:cc,14341:cc"
16988,4853570,6309641,4853570,"11371:cc,17010:cc,17011:cc"
16989,2036022,2646829,2036022,"11371:cc,17010:cc,17011:cc"
17013,4992444,6490177,4992444,"11371:cc,17010:cc,17011:cc"
17014,1357348,1764552,1357348,"11371:cc,17010:cc,17011:cc"
17015,4745600,6169280,4745600,"11371:cc,17010:cc,11382:cc,12810:cc"
17016,6434488,8364834,6434488,"11371:cc,17011:cc,11382:cc,12810:cc"
17182,38414240,49938512,38414240,"17193:derived,17204:vendor"
17193,38214240,49678512,38214240,"17203:cc,11371:cc,12360:cc,7078:cc,11382:cc,17011:cc,17010:cc"
17197,10100,13130,10100,"6889:cc,17194:cc"
17198,71292,92680,71292,"6889:cc,1179:cc,17196:cc,17194:cc"
17333,45,58,45,9282:derived
17353,45,58,45,9282:derived
17442,45,58,45,9282:derived
17704,120728,156946,120728,"3859:cc,3829:cc,7070:cc,7069:cc,4234:cc"
17708,16572,21544,16572,"3819:cc,3358:cc,3372:cc"
17716,410224,533291,410224,"3860:cc,4389:cc,17202:cc,3829:cc"
17721,113460,147498,113460,"4234:cc,7067:cc,4291:cc"
18168,9347904,12152275,9347904,"12360:cc,16006:cc,7082:cc,12803:cc,7076:cc"
18251,227497,295746,227497,"17012:cc,14341:cc"
18258,74350,96655,74350,"14048:cc,8170:cc,18240:none,14341:cc"
18263,2512400,3266120,2512400,"14342:cc,17010:cc,7078:cc,12810:cc,14341:cc"
18282,2232948,2902832,2232948,"17010:cc,17011:cc,12360:cc,16006:cc,16000:cc"
18283,3978604,5172185,3978604,"17011:cc,7076:cc,16006:cc,11371:cc,16000:cc"
18405,9800910,12741183,9800910,"14048:cc,9210:cc,14342:cc,7080:cc,7078:cc,14344:cc,14341:cc"
18407,1391360,1808768,1391360,"14048:cc,14256:cc,12662:vendor,12808:cc,14341:cc"
18408,1702900,2213770,1702900,"14048:cc,7078:cc,7910:cc,14341:cc"
18409,8512100,11065730,8512100,"14048:cc,14342:cc,13926:cc,14341:cc"
18413,347496,451745,347496,"14048:cc,12809:cc,12360:cc,14341:cc"
18486,7924800,10302240,7924800,"14048:cc,14342:cc,13926:cc,14341:cc"
18504,287900,374270,287900,"8170:cc,12804:cc,15407:cc,14341:cc"
18506,2750294,3575382,2750294,"8170:cc,7082:cc,11754:none,15407:cc,14341:cc"
18508,252256,327933,252256,"8170:cc,18512:cc,15407:cc,14341:cc"
18509,668480,869024,668480,"8170:cc,12607:vendor,15416:cc,15414:cc,14341:cc"
18510,394710,513123,394710,"8170:cc,18512:cc,15407:cc,14341:cc"
18511,651250,846625,651250,"12810:cc,12753:none,14341:cc"
18582,542322,705019,542322,"18584:derived,18583:derived"
18583,271161,352509,271161,18582:derived
18584,271161,352509,271161,18582:derived
18608,976000,1268800,976000,"18659:none,18646:none,18665:cc"
18634,1187848,1544202,1187848,"15994:cc,18631:cc,12361:cc,7078:cc,3829:cc,13467:cc"
18637,626800,814840,626800,"16000:cc,18631:cc,14047:cc"
18638,4130256,5369333,4130256,"11371:cc,18631:cc,7080:cc,7910:cc,12800:cc"
18639,5236520,6807476,5236520,"11371:cc,18631:cc,12803:cc,12808:cc,12800:cc,12799:cc"
18645,206425,268352,206425,"12359:cc,7191:cc"
19026,8385,10900,8385,"15992:cc,14047:cc,8150:cc"
19043,1555434,2022064,1555434,"12359:cc,7076:cc,12803:cc"
19044,1743296,2266285,1743296,"8170:cc,12803:cc,15407:cc,14341:cc"
19047,1383812,1798956,1383812,"14048:cc,7076:cc,12803:cc,14227:cc"
19048,2704812,3516256,2704812,"12360:cc,7076:cc,12803:cc"
19049,2707350,3519555,2707350,"12810:cc,12804:cc,12803:cc,15407:cc,14227:cc"
19050,3339016,4340721,3339016,"14342:cc,7076:cc,12803:cc,14227:cc"
19052,2014998,2619497,2014998,"8170:cc,12809:cc,7080:cc,15407:cc,14341:cc"
19056,7272504,9454255,7272504,"14048:cc,12810:cc,13926:cc,12809:cc,14227:cc"
19057,460766,598996,460766,"12360:cc,6037:cc,12811:cc"
19058,2043692,2656800,2043692,"12810:cc,12803:cc,12809:cc,15407:cc,14341:cc"
19059,1340204,1742265,1340204,"14342:cc,12809:cc,14227:cc"
19148,1635096,2125625,1635096,"17011:cc,17010:cc,11371:cc"
19149,497758,647085,497758,"17011:cc,17012:cc,14227:cc"
19156,3963234,5152204,3963234,"14342:cc,17010:cc,17011:cc,7078:cc,14227:cc"
19157,1067152,1387298,1067152,"17010:cc,17011:cc,17012:cc,14227:cc"
19162,1261200,1639560,1261200,"17010:cc,17012:cc,8170:cc,14227:cc"
19163,577358,750565,577358,"17010:cc,17011:cc,17012:cc,14227:cc"
19164,2053618,2669703,2053618,"17011:cc,17010:cc,17012:cc,11371:cc,11382:cc"
19165,4180634,5434824,4180634,"14342:cc,17010:cc,17011:cc,7078:cc,14227:cc"
19166,2444422,3177749,2444422,"17011:cc,17010:cc,12360:cc,11382:cc,11371:cc"
19167,3233970,4204161,3233970,"17011:cc,17010:cc,12360:cc,11371:cc"
19168,3503232,4554202,3503232,"17011:cc,17010:cc,12360:cc,11371:cc,12809:cc"
19169,5701116,7411451,5701116,"17011:cc,17010:cc,12360:cc,11371:cc,12364:cc"
19170,4411408,5734830,4411408,"17011:cc,17010:cc,12360:cc,11371:cc,12800:cc"
19228,87500,113750,87500,"19230:vendor,19231:vendor,19232:vendor,19233:vendor,19234:vendor,19235:vendor,19236:vendor"
19257,87500,113750,87500,"19259:vendor,19260:vendor,19261:vendor,19262:vendor,19263:vendor,19264:vendor,19265:vendor"
19267,87500,113750,87500,"19269:vendor,19270:vendor,19271:vendor,19272:vendor,19273:vendor,19274:vendor,19275:vendor"
19277,87500,113750,87500,"19278:vendor,19279:vendor,19280:vendor,19281:vendor,19282:vendor,19283:vendor,19284:vendor"
19440,1590,2067,1590,19441:cc
19682,3538403,4599924,3538403,"14342:cc,19726:cc,12804:cc,14227:cc"
19683,4706202,6118063,4706202,"14342:cc,19726:cc,12804:cc,14227:cc"
19684,4669002,6069703,4669002,"14342:cc,19726:cc,14227:cc"
19685,1754746,2281170,1754746,"19767:cc,15407:cc,12803:cc,14341:cc"
19686,1653846,2150000,1653846,"19767:cc,15407:cc,12803:cc,14341:cc"
19687,1594196,2072455,1594196,"19767:cc,15407:cc,12803:cc,14341:cc"
19688,312700,406510,312700,"19768:cc,15407:cc,14341:cc"
19689,312700,406510,312700,"19768:cc,15407:cc,14341:cc"
19690,1119180,1454934,1119180,"12359:cc,19774:cc,7910:cc"
19691,886104,1151935,886104,"12359:cc,19774:cc,7910:cc"
19692,913028,1186936,913028,"12359:cc,19774:cc,12810:cc"
19693,1607000,2089100,1607000,"12359:cc,19774:cc,12799:cc"
19694,1443162,1876111,1443162,"12359:cc,19774:cc,12799:cc"
19695,1130014,1469018,1130014,"12359:cc,19774:cc,12799:cc"
19931,133368,173378,133368,"12938:none,19943:cc,12804:cc,13468:cc"
19932,19600,25480,19600,3826:cc
19998,5721122,7437459,5721122,"19726:cc,12800:cc,12804:cc"
19999,3980596,5174775,3980596,"19726:cc,7910:cc,12804:cc,12810:cc"
20002,19186,24942,19186,"13463:cc,13464:cc,8925:cc"
20004,45098,58627,45098,"8846:cc,13466:cc,8925:cc"
20007,40446,52580,40446,"13463:cc,13466:cc,8925:cc"
20039,2336018,3036823,2336018,"17011:cc,17010:cc,17012:cc,11371:cc"
20295,706200,918060,706200,"8170:cc,15415:cc,15407:cc,14341:cc"
20380,1551119,2016455,1551119,"8170:cc,20381:cc,12803:cc,14341:cc"
20416,15638,20329,15638,"8170:cc,4625:cc"
20418,12494,16242,12494,"8170:cc,7069:cc"
20419,11496,14945,11496,"8170:cc,12365:cc"
20420,11975,15568,11975,"8170:cc,4791:cc"
20432,687523,893780,687523,"20520:cc,4625:cc"
20433,671803,873344,671803,"20520:cc,7069:cc"
20435,666813,866857,666813,"20520:cc,12365:cc"
20436,669208,869970,669208,"20520:cc,4791:cc"
20447,240258,312335,240258,"11144:cc,4625:cc"
20448,177378,230591,177378,"11144:cc,7069:cc"
20449,157418,204643,157418,"11144:cc,12365:cc"
20450,166998,217097,166998,"11144:cc,4791:cc"
20476,35444,46077,35444,"20501:cc,20498:cc,18512:cc"
20477,69434,90264,69434,"20501:cc,20498:cc,18512:cc,15407:cc"
20478,103424,134451,103424,"20501:cc,20498:cc,18512:cc,15407:cc"
20479,392960,510848,392960,"20500:cc,20498:cc,7078:cc,15407:cc"
20480,359070,466791,359070,"20500:cc,20498:cc,7078:cc,15407:cc"
20481,325180,422734,325180,"20500:cc,20498:cc,7078:cc"
20537,4408136,5730577,4408136,"14048:cc,20520:cc,14256:cc,12810:cc,14227:cc"
20538,5735368,7455978,5735368,"14048:cc,20520:cc,14256:cc,14227:cc"
20539,4279570,5563441,4279570,"14048:cc,20520:cc,14256:cc,12810:cc,14227:cc"
20549,4453036,5788947,4453036,"12359:cc,20520:cc,6037:cc,12810:cc"
20550,7205060,9366578,7205060,"12359:cc,20520:cc,6037:cc"
20551,5764048,7493262,5764048,"12359:cc,20520:cc,6037:cc,11754:none"
20956,39144,50887,39144,"1206:cc,1529:cc,2842:cc,20817:cc"
21023,146677,190680,146677,"9061:cc,8150:cc,21024:none"
21278,2141002,2783303,2141002,"12810:cc,7082:cc,14227:cc"
21342,2862656,3721453,2862656,"14256:cc,17012:cc,7078:cc,14227:cc"
21569,231887,301453,231887,"9060:cc,9061:cc,10560:cc,10561:cc"
21570,187264,243443,187264,"10561:cc,9061:cc"
21574,17744,23067,17744,"10505:cc,4304:cc"
21714,12704,16515,12704,"15992:cc,8170:cc"
21716,12704,16515,12704,"15992:cc,8170:cc"
21718,12704,16515,12704,"15992:cc,8170:cc"
21748,319222,414989,319222,"1529:cc,6037:cc,11137:cc,20963:cc"
21756,37732,49052,37732,"3577:cc,3864:cc"
21758,261132,339472,261132,"7971:cc,8151:cc"
21760,175350,227955,175350,"7909:cc,6037:cc,7075:cc,7079:cc,8151:cc"
21763,171388,222804,171388,"7910:cc,6037:cc,7077:cc,7081:cc,8151:cc"
21766,455880,592644,455880,"12799:cc,21752:cc,6037:cc,11178:cc,20963:cc"
21769,336694,437702,336694,"7910:cc,7078:cc,8152:cc,6037:cc"
21774,968020,1258426,968020,"12364:cc,12799:cc,12361:cc,12360:cc,12359:cc"
21777,606600,788580,606600,"12364:cc,12360:cc,12359:cc,12804:cc"
21779,1997335,2596536,1997335,"21929:cc,7078:cc,12803:cc"
21780,414952,539438,414952,"12359:cc,11382:cc,7910:cc,12938:none"
21784,656332,853232,656332,"18335:none,11754:none,12800:cc,12360:cc,12359:cc"
21785,197781,257115,197781,12364:cc
21786,214328,278626,214328,12800:cc
21789,1150800,1496040,1150800,"11371:cc,12360:cc,7910:cc"
21791,1804258,2345535,1804258,"12364:cc,12803:cc,12804:cc"
21792,552022,717629,552022,"12800:cc,21752:cc,12360:cc"
21793,2227708,2896020,2227708,"12360:cc,7076:cc,7082:cc"
21846,4022024,5228631,4022024,"24271:cc,21884:cc,21881:cc"
21847,5004048,6505262,5004048,"24271:cc,21884:cc,21881:cc"
21848,6557084,8524209,6557084,"24271:cc,21884:cc,21881:cc"
21860,410662,533861,410662,"21842:cc,21887:cc,21881:cc,14341:cc"
21863,293800,381940,293800,"21844:cc,21887:cc,14341:cc"
21865,325000,422500,325000,"21844:cc,14341:cc"
21866,570520,741676,570520,"21840:cc,22445:cc,14341:cc"
21867,759860,987818,759860,"21840:cc,22445:cc,14341:cc"
21868,989200,1285960,989200,"21840:cc,22445:cc,14341:cc"
21869,1837390,2388607,1837390,"24272:cc,21885:cc,21881:cc"
21870,2182468,2837208,2182468,"24272:cc,21885:cc,21881:cc"
21871,3061624,3980111,3061624,"24272:cc,21885:cc,21881:cc"
21874,1780520,2314676,1780520,"21845:cc,21881:cc,21886:cc"
21875,3939786,5121722,3939786,"21845:cc,22457:cc,21881:cc"
21946,45,58,45,9282:derived
21983,45,58,45,9282:derived
21986,45,58,45,9282:derived
22115,45,58,45,9282:derived
22191,4130302,5369393,4130302,"22203:vendor,22202:cc,12810:cc,12809:cc,12800:cc"
22194,2188000,2844400,2188000,"22203:vendor,22202:cc,12810:cc,13512:cc"
22195,1093000,1420900,1093000,"22202:cc,12810:cc"
22196,4000404,5200525,4000404,"22203:vendor,22202:cc,12655:cc,7076:cc,12364:cc"
22197,988856,1285513,988856,"22202:cc,12655:cc,7076:cc"
22198,1779712,2313626,1779712,"22203:vendor,22202:cc,12655:cc,7076:cc"
22249,619052,804768,619052,"14048:cc,14344:cc,12810:cc,14227:cc"
22383,1462998,1901897,1462998,"12360:cc,20725:cc,13512:cc,12810:cc"
22384,17668660,22969258,17668660,"12360:cc,11371:cc,12808:cc,20520:cc,15417:cc,12753:none"
22385,1609280,2092064,1609280,"12360:cc,12655:cc,7076:cc,13510:cc"
22461,5899113,7668847,5899113,"25843:cc,16203:cc,14344:cc,16207:derived"
22462,11782896,15317765,11782896,"25844:cc,22446:cc,22449:cc,23571:cc,22461:derived"
22463,13552856,17618713,13552856,"25845:cc,22446:cc,22445:cc,22462:derived"
22474,45,58,45,9282:derived
22475,45,58,45,9282:derived
22628,45,58,45,9282:derived
22652,2778424,3611951,2778424,"22682:vendor,14048:cc,7080:cc,14227:cc"
22654,1816212,2361076,1816212,"22682:vendor,14048:cc,7080:cc,14227:cc"
22655,973112,1265046,973112,"22682:vendor,14048:cc,7080:cc,14227:cc"
22658,1022212,1328876,1022212,"22682:vendor,14048:cc,7080:cc,14227:cc"
22660,2379107,3092839,2379107,"19726:cc,14048:cc,12803:cc,14227:cc"
22661,2122612,2759396,2122612,"22682:vendor,12810:cc,7080:cc,15407:cc,14227:cc"
22662,1802962,2343851,1802962,"22682:vendor,12810:cc,7080:cc,15407:cc,14227:cc"
22663,1763312,2292306,1763312,"22682:vendor,12810:cc,7080:cc,15407:cc,14227:cc"
22664,1605284,2086869,1605284,"22682:vendor,15408:cc,7080:cc,15407:cc,14227:cc"
22665,1331760,1731288,1331760,"22682:vendor,15408:cc,7080:cc,15407:cc,14227:cc"
22666,1371410,1782833,1371410,"22682:vendor,15408:cc,7080:cc,15407:cc,14227:cc"
22669,2278704,2962315,2278704,"22682:vendor,12359:cc,12360:cc,7080:cc"
22670,1337028,1738136,1337028,"22682:vendor,12359:cc,12360:cc,7080:cc"
22671,1317028,1712136,1317028,"22682:vendor,12359:cc,12360:cc,7080:cc"
22754,45,58,45,9282:derived
22756,2595952,3374738,2595952,"14048:cc,19726:cc,12803:cc,14227:cc"
22757,1278954,1662640,1278954,"14048:cc,14342:cc,12803:cc,14227:cc"
22758,1435602,1866283,1435602,"14048:cc,12803:cc,14227:cc"
22759,2674046,3476260,2674046,"8170:cc,19726:cc,12803:cc,15407:cc"
22760,1124212,1461476,1124212,"12810:cc,18512:cc,12803:cc,15407:cc"
22761,965398,1255017,965398,"12810:cc,12803:cc,15407:cc"
22762,2652746,3448570,2652746,"12655:cc,19726:cc,12360:cc,12803:cc"
22763,1634247,2124521,1634247,"12655:cc,19726:cc,12803:cc"
22764,715748,930472,715748,"12655:cc,12803:cc"
22847,120315,156410,120315,"21886:cc,22793:cc,18256:cc"
22871,30326,39424,30326,"22787:cc,22791:cc,18256:cc"
23097,10174,13226,10174,23077:cc
23106,13124,17061,13124,23079:cc
23506,1750380,2275494,1750380,"23446:cc,22452:cc,21884:cc"
23507,2740760,3562988,2740760,"23446:cc,22452:cc,21884:cc"
23508,2255640,2932332,2255640,"23446:cc,21887:cc,22452:cc,21884:cc"
23509,2602696,3383505,2602696,"23573:cc,22445:cc,22449:cc"
23510,1226678,1594681,1226678,"23573:cc,22445:cc,22449:cc"
23511,1625017,2112522,1625017,"23573:cc,22445:cc,22449:cc"
23512,2752036,3577647,2752036,"23573:cc,22445:cc,22449:cc"
23513,3200498,4160647,3200498,"23445:cc,21885:cc,21884:cc"
23514,2521788,3278324,2521788,"23445:cc,21885:cc,21884:cc"
23515,1511341,1964743,1511341,"23445:cc,21885:cc,21884:cc"
23516,2481143,3225486,2481143,"23445:cc,21885:cc,21884:cc"
23517,2018808,2624450,2018808,23448:cc
23518,2691744,3499267,2691744,23448:cc
23519,2691744,3499267,2691744,23448:cc
23520,2907632,3779922,2907632,"23445:cc,21884:cc,23449:cc,22824:cc"
23521,4620540,6006702,4620540,"23445:cc,21884:cc,23449:cc,22824:cc"
23522,4877448,6340682,4877448,"23445:cc,21884:cc,23449:cc,22824:cc"
23523,1865756,2425483,1865756,"23449:cc,21885:cc,22457:cc"
23524,932878,1212741,932878,"23449:cc,21885:cc,22457:cc"
23525,1357317,1764512,1357317,"23449:cc,21885:cc,22457:cc"
23526,3766408,4896330,3766408,"23448:cc,22449:cc,22831:cc,22451:cc"
23527,3330792,4330030,3330792,"23573:cc,21886:cc,22452:cc"
23530,4612272,5995954,4612272,"23448:cc,21884:cc,22452:cc"
23531,9393895,12212064,9393895,"23448:cc,23571:cc,23572:cc"
23532,13085022,17010529,13085022,"23573:cc,23571:cc,22452:cc,23572:cc"
23533,13360261,17368339,13360261,"23448:cc,23571:cc,23572:cc"
23535,13823658,17970755,13823658,"23573:cc,22452:cc,22457:cc,23572:cc"
23536,9786395,12722314,9786395,"23573:cc,23571:cc,21886:cc,23572:cc"
23537,2186449,2842384,2186449,"23448:cc,22456:cc,23572:cc"
23538,3534980,4595474,3534980,"23573:cc,21886:cc,23572:cc"
23539,7963111,10352044,7963111,"23573:cc,23571:cc,21885:cc,23572:cc"
23540,16263110,21142043,16263110,"23449:cc,23448:cc,23571:cc,23572:cc"
23542,20229476,26298319,20229476,"23449:cc,23448:cc,23571:cc,23572:cc"
23543,20229476,26298319,20229476,"23449:cc,23448:cc,23571:cc,23572:cc"
23544,20229476,26298319,20229476,"23449:cc,23448:cc,23571:cc,23572:cc"
23546,20229476,26298319,20229476,"23449:cc,23448:cc,23571:cc,23572:cc"
23554,18246792,23720830,18246792,"23449:cc,23573:cc,23447:cc,23571:cc,23572:cc"
23555,20229476,26298319,20229476,"23449:cc,23448:cc,23571:cc,23572:cc"
23556,18406124,23927961,18406124,"23449:cc,23573:cc,23447:cc,23571:cc,23572:cc"
23563,9629166,12517916,9629166,"22456:cc,22451:cc,23573:cc,23448:cc,23449:cc"
23564,12214826,15879274,12214826,"23563:derived,23572:cc,22457:cc"
23565,12327826,16026174,12327826,"23564:derived,30183:cc"
23576,38600,50180,38600,23447:cc
23747,2496600,3245580,2496600,"23785:cc,23787:cc,23783:cc"
23761,834358,1084665,834358,"23793:cc,21929:cc,22445:cc"
23766,3741000,4863300,3741000,"23785:cc,23787:cc,23438:cc"
23770,50677,65880,50677,"23781:cc,21877:cc,6260:cc"
23820,390775,508008,390775,"23784:cc,23783:cc,10558:cc"
23824,6000500,7800650,6000500,"23793:cc,23786:cc,23785:cc,23787:cc"
23825,7682310,9987003,7682310,"23793:cc,23786:cc,21886:cc,22456:cc,16006:cc"
23828,10327436,13425667,10327436,"24271:cc,21884:cc,22451:cc,22452:cc,21885:cc,23437:cc"
23829,10892558,14160325,10892558,"23793:cc,22456:cc,22452:cc,21884:cc,23436:cc"
23831,176574,229546,176574,"23782:cc,23783:cc,10558:cc"
23832,176574,229546,176574,"23782:cc,23783:cc,10558:cc"
23837,45,58,45,9282:derived
23838,5768800,7499440,5768800,"24272:cc,22457:cc,22451:cc"
23839,11791192,15328550,11791192,"23573:cc,22452:cc,21884:cc"
23840,1683799,2188939,1683799,"23784:cc,23783:cc,23786:cc,7191:cc"
24036,31489,40936,31489,23436:cc
24079,1679595,2183474,1679595,"23449:cc,31079:cc,22456:cc"
24080,2644617,3438002,2644617,"23449:cc,31079:cc,21885:cc"
24082,3300000,4290000,3300000,"23449:cc,31079:cc,21884:cc"
24085,2454198,3190457,2454198,"23449:cc,31079:cc,21886:cc"
24086,2696700,3505710,2696700,"23449:cc,31079:cc,22457:cc"
24087,2664936,3464417,2664936,"23448:cc,31079:cc"
24089,3589200,4665960,3589200,"23447:cc,31079:cc,21884:cc"
24092,3660170,4758221,3660170,"23448:cc,21885:cc,21884:cc,31079:cc"
24093,4097092,5326220,4097092,"23448:cc,21884:cc,21885:cc,31079:cc"
24095,1598390,2077907,1598390,"23448:cc,22456:cc,21886:cc,31079:cc"
24097,1782792,2317630,1782792,"23448:cc,21886:cc,22456:cc,31079:cc"
24098,2602136,3382777,2602136,"23448:cc,22457:cc,31079:cc"
24106,2166936,2817017,2166936,"23448:cc,31079:cc"
24114,1571200,2042560,1571200,"23447:cc,31079:cc"
24116,1532348,1992052,1532348,"23573:cc,31079:cc,23441:cc"
24117,2123958,2761145,2123958,"23447:cc,31079:cc,23112:cc"
24121,2190814,2848058,2190814,"23449:cc,31079:cc,23117:cc"
24122,6211620,8075106,6211620,"23449:cc,21886:cc,23437:cc,31079:cc"
24123,12857360,16714568,12857360,"23448:cc,22457:cc,23438:cc,31079:cc"
24124,4458492,5796040,4458492,"23448:cc,23077:cc,22452:cc"
24125,513516,667571,513516,"23449:cc,23440:cc,23112:cc"
24126,2255914,2932688,2255914,"23448:cc,23436:cc,21884:cc"
24127,873100,1135030,873100,"23447:cc,23437:cc,22457:cc"
24128,1582424,2057151,1582424,"23573:cc,23441:cc,22456:cc"
24249,3613412,4697436,3613412,"21842:cc,22452:cc"
24250,1890472,2457614,1890472,"21842:cc,22452:cc,22456:cc"
24251,3160612,4108796,3160612,"21842:cc,21884:cc"
24255,7861258,10219635,7861258,"21845:cc,22452:cc,23572:cc"
24256,6214666,8079066,6214666,"24272:cc,21884:cc,23572:cc"
24257,2765184,3594739,2765184,"21842:cc,22457:cc,23572:cc"
24258,6313856,8208013,6313856,"21845:cc,22452:cc,23572:cc"
24259,4334666,5635066,4334666,"24272:cc,22451:cc,23572:cc"
24260,2281526,2965984,2281526,"24271:cc,22457:cc,23572:cc"
24261,10990571,14287742,10990571,"21845:cc,23571:cc,23572:cc"
24262,10050641,13065833,10050641,"24271:cc,23571:cc,23572:cc"
24263,16306966,21199056,16306966,"21842:cc,23571:cc,23572:cc"
24264,10990571,14287742,10990571,"21845:cc,23571:cc,23572:cc"
24266,10050641,13065833,10050641,"24271:cc,23571:cc,23572:cc"
24267,16306966,21199056,16306966,"21842:cc,23571:cc,23572:cc"
24269,24024,31231,24024,21877:cc
24275,491580,639054,491580,"14341:cc,21886:cc"
24287,45,58,45,9282:derived
25498,192,250,192,2835:cc
25521,84000,109200,84000,23449:cc
25651,796600,1035580,796600,"23793:cc,22452:cc"
25652,538900,700570,538900,"23793:cc,22457:cc"
25675,196150,254995,196150,"21887:cc,14341:cc"
25679,29600,38480,29600,21887:cc
25680,1802670,2343471,1802670,"23793:cc,29539:cc,22456:cc,4342:cc,14341:cc"
25681,2537678,3298981,2537678,"23793:cc,29539:cc,21886:cc,2325:cc,14341:cc"
25682,5224550,6791915,5224550,"23793:cc,29539:cc,22452:cc,14341:cc"
25685,766758,996785,766758,"23793:cc,25707:cc,22456:cc,14341:cc"
25686,1261094,1639422,1261094,"23793:cc,25707:cc,22456:cc,14341:cc"
25689,2547500,3311750,2547500,"23793:cc,25708:cc,22452:cc,14341:cc"
25690,2535710,3296423,2535710,"23793:cc,25708:cc,22452:cc,14341:cc"
25692,2679695,3483604,2679695,"23793:cc,25699:cc,21885:cc,22457:cc,14341:cc"
25693,2096756,2725783,2096756,"23793:cc,25699:cc,21885:cc,22457:cc,14341:cc"
25695,2537712,3299026,2537712,"23793:cc,25707:cc,25699:cc,22451:cc,14341:cc"
25697,1937818,2519163,1937818,"23793:cc,25707:cc,25699:cc,22451:cc,14341:cc"
25880,16776,21809,16776,2836:cc
25881,47200,61360,47200,2838:cc
25882,7450,9685,7450,7912:cc
25883,4960,6448,4960,12365:cc
25884,436600,567580,436600,22452:cc
25890,459999,597999,459999,25868:cc
25896,290000,377000,290000,25867:cc
28425,8405852,10927608,8405852,"22456:cc,22457:cc,23448:cc"
28426,12043180,15656134,12043180,"28425:derived,23572:cc,22451:cc"
28427,12325680,16023384,12325680,"28426:derived,30183:cc"
28428,22501824,29252371,22501824,"23571:cc,23449:cc,23573:cc"
28429,27105518,35237173,27105518,"28428:derived,23572:cc,23571:cc"
28430,27388018,35604423,27388018,"28429:derived,30183:cc"
28431,14568829,18939478,14568829,"23571:cc,22456:cc,23573:cc,23448:cc"
28432,17224965,22392454,17224965,"28431:derived,23572:cc,23448:cc"
28433,17507465,22759704,17507465,"28432:derived,30183:cc"
28434,17621132,22907472,17621132,"22451:cc,22452:cc,23571:cc,23447:cc"
28435,20047460,26061698,20047460,"28434:derived,23572:cc,22457:cc"
28436,20329960,26428948,20329960,"28435:derived,30183:cc"
28437,17467200,22707360,17467200,"21884:cc,22452:cc,23447:cc,23449:cc"
28438,22070894,28692162,22070894,"28437:derived,23572:cc,23571:cc"
28439,22353394,29059412,22353394,"28438:derived,30183:cc"
28440,11732774,15252606,11732774,"22451:cc,21885:cc,23573:cc,23449:cc"
28441,14159102,18406833,14159102,"28440:derived,23572:cc,22457:cc"
28442,14441602,18774083,14441602,"28441:derived,30183:cc"
28483,18263058,23741975,18263058,"23571:cc,23573:cc,23447:cc,23449:cc"
28484,20848718,27103333,20848718,"28483:derived,23572:cc,22457:cc"
28485,20961718,27250233,20961718,"28484:derived,30183:cc"
29204,3498808,4548450,3498808,"23448:cc,22451:cc,21884:cc,23793:cc"
29483,872264,1133943,872264,"23793:cc,21886:cc"
29485,1126156,1464003,1126156,"23793:cc,21885:cc"
29486,2000000,2600000,2000000,"23793:cc,21884:cc"
29488,1195600,1554280,1195600,"23793:cc,22457:cc"
29489,4447700,5782010,4447700,"23793:cc,25700:cc,22457:cc"
29490,3467150,4507295,3467150,"23793:cc,25700:cc,22457:cc"
29491,3467150,4507295,3467150,"23793:cc,25700:cc,22457:cc"
29492,2901156,3771503,2901156,"23793:cc,25699:cc,21884:cc,21885:cc"
29493,2114617,2749002,2114617,"23793:cc,25699:cc,21884:cc,21885:cc"
29494,2114617,2749002,2114617,"23793:cc,25699:cc,21884:cc,21885:cc"
29495,2198360,2857868,2198360,"23793:cc,25708:cc,22457:cc"
29496,1584840,2060292,1584840,"23793:cc,25708:cc,22457:cc"
29497,1584840,2060292,1584840,"23793:cc,25708:cc,22457:cc"
29498,2899186,3768942,2899186,"23793:cc,25707:cc,21884:cc,21885:cc"
29499,2115041,2749553,2115041,"23793:cc,25707:cc,21884:cc,21885:cc"
29500,2112435,2746166,2112435,"23793:cc,25707:cc,21884:cc,21885:cc"
29502,10427641,13555933,10427641,"23793:cc,29539:cc,22451:cc,22456:cc,23572:cc"
29503,8262046,10740660,8262046,"23793:cc,29539:cc,22451:cc,22456:cc,23572:cc"
29504,8446006,10979808,8446006,"23793:cc,29547:cc,22451:cc,22457:cc,23572:cc"
29505,4053298,5269287,4053298,"23793:cc,21886:cc,21885:cc,23572:cc"
29506,7367922,9578299,7367922,"23793:cc,21886:cc,22452:cc,23572:cc"
29507,11092870,14420731,11092870,"23793:cc,29547:cc,22452:cc,22451:cc,23572:cc"
29508,4403258,5724235,4403258,"23793:cc,29548:cc,21886:cc,22457:cc,23572:cc"
29509,8879804,11543745,8879804,"23793:cc,29547:cc,22451:cc,21884:cc,23572:cc"
29510,10066466,13086406,10066466,"23793:cc,29548:cc,21884:cc,22457:cc,23572:cc"
29511,7908666,10281266,7908666,"23793:cc,29548:cc,21884:cc,22457:cc,23572:cc"
29512,11120466,14456606,11120466,"23793:cc,29548:cc,22452:cc,22457:cc,23572:cc"
29514,12491666,16239166,12491666,"23793:cc,29548:cc,22452:cc,22451:cc,23572:cc"
29515,7593172,9871124,7593172,"23793:cc,29548:cc,21884:cc,22456:cc,23572:cc"
29516,5670046,7371060,5670046,"23793:cc,29548:cc,21884:cc,22456:cc,23572:cc"
29517,3746920,4870996,3746920,"23793:cc,29548:cc,21884:cc,22456:cc"
29519,9081732,11806252,9081732,"23793:cc,29548:cc,22457:cc,22451:cc,23572:cc"
29520,6786466,8822406,6786466,"23793:cc,29548:cc,22457:cc,22451:cc,23572:cc"
29521,4491200,5838560,4491200,"23793:cc,29548:cc,22457:cc,22451:cc"
29522,12326221,16024087,12326221,"23793:cc,29547:cc,22451:cc,23571:cc,23572:cc"
29523,5137587,6678863,5137587,"23793:cc,29547:cc,22451:cc,23571:cc"
29524,8731904,11351475,8731904,"23793:cc,29547:cc,22451:cc,23571:cc,23572:cc"
29525,13018430,16923959,13018430,"23793:cc,23571:cc,23572:cc"
29526,10715581,13930255,10715581,"23793:cc,23571:cc,23572:cc"
29527,6429549,8358414,6429549,"23793:cc,23571:cc"
29530,811468,1054908,811468,"23793:cc,29547:cc"
29531,760000,988000,760000,"23793:cc,29548:cc"
29533,2688000,3494400,2688000,"23793:cc,29539:cc,22451:cc"
29964,210984,274279,210984,"8170:cc,7081:cc,8172:cc,14341:cc"
29970,178365,231874,178365,"8170:cc,17056:cc,8153:cc,8172:cc,14341:cc"
29971,186248,242122,186248,"8170:cc,8165:cc,8172:cc,14341:cc"
29973,1955700,2542410,1955700,"23793:cc,22451:cc,22452:cc,14341:cc"
29974,791698,1029207,791698,"23793:cc,25699:cc,21886:cc,14341:cc"
29975,1702500,2213250,1702500,"23793:cc,15416:cc,21884:cc,14341:cc"
30031,5715328,7429926,5715328,"23572:cc,23573:cc,21884:cc"
30032,5157995,6705394,5157995,"30183:cc,23573:cc,21884:cc"
30033,3093796,4021935,3093796,"23572:cc,23573:cc,21885:cc"
30035,581852,756408,581852,"23572:cc,21845:cc,24271:cc,14341:cc"
30036,2832162,3681811,2832162,"30183:cc,21842:cc,21886:cc,14341:cc,21885:cc"
30037,205856,267613,205856,"23572:cc,24272:cc,24271:cc,14341:cc"
30038,5936112,7716946,5936112,"30183:cc,21842:cc,21884:cc,14341:cc"
30039,712212,925876,712212,"23572:cc,23793:cc,22456:cc,14341:cc"
30040,3654150,4750395,3654150,"30183:cc,23793:cc,22456:cc,14341:cc,22451:cc"
30041,1818624,2364211,1818624,"23572:cc,23793:cc,21886:cc,14341:cc"
30042,4576160,5949008,4576160,"30183:cc,23793:cc,21886:cc,14341:cc,22451:cc"
30043,2394424,3112751,2394424,"23572:cc,23793:cc,21885:cc,29547:cc,14341:cc"
30044,2348092,3052520,2348092,"30183:cc,23793:cc,21885:cc,29547:cc,14341:cc"
30045,3779034,4912744,3779034,"23572:cc,23793:cc,22451:cc,29547:cc,14341:cc"
30046,3824170,4971421,3824170,"30183:cc,23793:cc,22451:cc,29547:cc,14341:cc"
30069,677152,880298,677152,"3860:cc,7075:cc"
30070,659934,857914,659934,"3860:cc,7081:cc"
30071,554304,720595,554304,"3860:cc,7075:cc"
30072,519868,675828,519868,"3860:cc,7081:cc"
30073,495676,644379,495676,"3860:cc,7077:cc"
30074,1902640,2473432,1902640,"23446:cc,22452:cc"
30076,1079318,1403113,1079318,"23446:cc,21885:cc,22451:cc"
30077,1917180,2492334,1917180,"23446:cc,22451:cc"
30086,2814900,3659370,2814900,"23446:cc,22452:cc"
30087,1540857,2003114,1540857,"23446:cc,21885:cc,22451:cc"
30088,1995300,2593890,1995300,"23446:cc,22451:cc"
30089,2436240,3167112,2436240,"23446:cc,21884:cc"
30093,2853960,3710148,2853960,"23446:cc,22452:cc"
30438,44400,57720,44400,"30436:cc,30437:cc"
30459,2335190,3035747,2335190,"21840:cc,21884:cc,22456:cc,21881:cc"
30460,1542660,2005458,1542660,"21840:cc,21887:cc,21884:cc,22456:cc,21881:cc"
30461,1174390,1526707,1174390,"21840:cc,21887:cc,21884:cc,22456:cc,21881:cc"
30463,1158015,1505420,1158015,"21840:cc,21887:cc,21885:cc,21886:cc,21881:cc"
30464,858410,1115933,858410,"21840:cc,21887:cc,21885:cc,21886:cc,21881:cc"
30465,1698025,2207432,1698025,"21840:cc,21885:cc,21886:cc,21881:cc"
30542,2494828,3243276,2494828,"23784:cc,21884:cc,23826:cc,23783:cc,23786:cc"
30544,3287850,4274205,3287850,"23784:cc,22451:cc,23787:cc,23783:cc,23786:cc"
30825,1508400,1960920,1508400,"23447:cc,22457:cc"
30831,1151510,1496963,1151510,"21842:cc,22457:cc,21886:cc,21881:cc"
30837,2002500,2603250,2002500,"21840:cc,21884:cc,14341:cc"
30839,3602500,4683250,3602500,"21840:cc,21884:cc,14341:cc"
31279,45,58,45,9282:derived
31364,4018582,5224157,4018582,"23448:cc,21886:cc,22456:cc,23572:cc"
31367,4018582,5224157,4018582,"23448:cc,21886:cc,22456:cc,23572:cc"
31368,4018582,5224157,4018582,"23448:cc,21886:cc,22456:cc,23572:cc"
31369,7250134,9425174,7250134,"23449:cc,21885:cc,21884:cc,23572:cc"
31370,7250134,9425174,7250134,"23449:cc,21885:cc,21884:cc,23572:cc"
31371,7250134,9425174,7250134,"23449:cc,21885:cc,21884:cc,23572:cc"
31398,5409234,7032004,5409234,"31079:cc,23449:cc,21885:cc,21884:cc"
31399,3288522,4275079,3288522,"31079:cc,23448:cc,21886:cc,22456:cc"
31676,36890,47957,36890,"22785:cc,22792:cc,18256:cc"
31677,25883,33648,25883,"22793:cc,22792:cc,18256:cc"
31860,27379,35593,27379,23112:cc
31862,29617,38502,29617,23107:cc
31864,29617,38502,29617,23107:cc
31866,27839,36191,27839,21929:cc
31869,27839,36191,27839,21929:cc
31890,175000,227500,175000,"31889:vendor,31888:vendor,31885:vendor,31884:vendor,31887:vendor,31886:vendor,31883:vendor"
31891,175000,227500,175000,"31900:vendor,31899:vendor,31895:vendor,31894:vendor,31898:vendor,31896:vendor,31893:vendor"
31907,175000,227500,175000,"31909:vendor,31908:vendor,31904:vendor,31903:vendor,31906:vendor,31905:vendor,31902:vendor"
31914,175000,227500,175000,"31918:vendor,31917:vendor,31913:vendor,31912:vendor,31916:vendor,31915:vendor,31911:vendor"
32198,59249,77024,59249,32227:cc
32199,59249,77024,59249,32227:cc
32202,60000,78000,60000,32228:cc
32205,58999,76699,58999,32229:cc
32207,58999,76699,58999,32229:cc
32208,58999,76699,58999,32229:cc
32210,58999,76699,58999,32229:cc
32220,148500,193050,148500,32231:cc
32221,148500,193050,148500,32231:cc
32222,148500,193050,148500,32231:cc
32389,848242,1102715,848242,"32428:cc,22450:cc,21886:cc,22456:cc,21842:cc"
32390,685041,890553,685041,"32428:cc,22450:cc,21886:cc,22456:cc,21842:cc"
32391,586975,763068,586975,"32428:cc,22450:cc,21886:cc,22456:cc,21842:cc"
32392,551993,717591,551993,"32428:cc,22450:cc,21886:cc,22456:cc,21842:cc"
32393,657494,854742,657494,"32428:cc,22450:cc,21886:cc,22456:cc,25707:cc"
32394,562034,730644,562034,"32428:cc,22450:cc,21886:cc,22456:cc,25707:cc"
32395,524446,681780,524446,"32428:cc,22450:cc,21886:cc,22456:cc,25707:cc"
32396,791845,1029398,791845,"32428:cc,22450:cc,21886:cc,22456:cc,25707:cc"
32397,1037638,1348929,1037638,"32428:cc,22450:cc,21886:cc,22456:cc,25700:cc"
32398,1322322,1719019,1322322,"32428:cc,22450:cc,21886:cc,22456:cc,25700:cc"
32399,904590,1175967,904590,"32428:cc,22450:cc,21886:cc,22456:cc,25700:cc"
32400,1362061,1770679,1362061,"32428:cc,22450:cc,21886:cc,22456:cc,25700:cc"
32401,811128,1054466,811128,"32428:cc,22450:cc,21886:cc,22456:cc,23446:cc"
32402,634942,825425,634942,"32428:cc,22450:cc,21886:cc,22456:cc,23446:cc"
32403,599960,779948,599960,"32428:cc,22450:cc,21886:cc,22456:cc,23446:cc"
32404,1022296,1328985,1022296,"32428:cc,22450:cc,21886:cc,22456:cc,23446:cc"
32410,459999,597999,459999,25868:cc
32461,4706894,6118962,4706894,"23793:cc,23786:cc,23785:cc,23787:cc,23572:cc,23436:cc"
32472,4711916,6125491,4711916,"23793:cc,23786:cc,23785:cc,23787:cc,23572:cc,23440:cc"
32473,4724216,6141481,4724216,"23793:cc,23786:cc,23785:cc,23787:cc,23572:cc,23437:cc"
32474,4720616,6136801,4720616,"23793:cc,23786:cc,23785:cc,23787:cc,23572:cc,23441:cc"
32475,4709648,6122542,4709648,"23793:cc,23786:cc,23785:cc,23787:cc,23572:cc,23439:cc"
32476,4706894,6118962,4706894,"23793:cc,23786:cc,23785:cc,23787:cc,23572:cc,23436:cc"
32478,4706894,6118962,4706894,"23793:cc,23786:cc,23785:cc,23787:cc,23572:cc,23436:cc"
32479,4711916,6125491,4711916,"23793:cc,23786:cc,23785:cc,23787:cc,23572:cc,23440:cc"
32480,4724216,6141481,4724216,"23793:cc,23786:cc,23785:cc,23787:cc,23572:cc,23437:cc"
32494,4703916,6115091,4703916,"23793:cc,23786:cc,23785:cc,23787:cc,23572:cc,23438:cc"
32495,4709648,6122542,4709648,"23793:cc,23786:cc,23785:cc,23787:cc,23572:cc,23439:cc"
32568,7101558,9232025,7101558,"23448:cc,23573:cc,22451:cc,32428:cc"
32570,9000926,11701204,9000926,"23448:cc,23573:cc,22451:cc,32428:cc"
32571,4047006,5261108,4047006,"23449:cc,23573:cc,21884:cc,32428:cc"
32573,5096502,6625453,5096502,"23449:cc,23573:cc,21884:cc,32428:cc"
32574,2693568,3501638,2693568,"23793:cc,22451:cc,21885:cc,29547:cc,32428:cc"
32575,3901610,5072093,3901610,"23793:cc,22451:cc,21885:cc,29547:cc,32428:cc"
32577,3793812,4931956,3793812,"23793:cc,22451:cc,22452:cc,29547:cc,32428:cc"
32579,5551976,7217569,5551976,"23793:cc,22451:cc,22452:cc,29547:cc,32428:cc"
32580,3573008,4644910,3573008,"23793:cc,22451:cc,32428:cc"
32581,4366504,5676455,4366504,"23793:cc,22451:cc,32428:cc"
32582,2961404,3849825,2961404,"23793:cc,22451:cc,21886:cc,32428:cc"
32583,3951032,5136342,3951032,"23793:cc,22451:cc,21886:cc,32428:cc"
32584,1365991,1775788,1365991,"21842:cc,21845:cc,21886:cc,32428:cc"
32585,954510,1240863,954510,"21842:cc,21845:cc,21886:cc,32428:cc"
32586,1636691,2127698,1636691,"21842:cc,24271:cc,22457:cc,32428:cc"
32587,1251528,1626986,1251528,"21842:cc,24271:cc,22457:cc,32428:cc"
32657,45,58,45,9282:derived
32756,12276666,15959666,12276666,"23785:cc,23449:cc,23787:cc,21884:cc,22451:cc,23572:cc"
32776,3291258,4278635,3291258,"23449:cc,31079:cc,24478:cc,24479:cc"
32839,417880,543244,417880,"22457:cc,22793:cc,23782:cc"
32849,820080,1066104,820080,"21884:cc,22793:cc,23782:cc"
32850,383158,498105,383158,"21885:cc,22793:cc,23782:cc"
32851,256212,333076,256212,"21886:cc,22793:cc,23782:cc"
32854,17440046,22672060,17440046,"23449:cc,23448:cc,23571:cc,23572:cc"
33004,1124,1461,1124,7974:cc
33092,206119,267955,206119,"23782:cc,23783:cc,21887:cc,22829:cc"
33131,31489,40936,31489,23436:cc
33133,31489,40936,31489,23436:cc
33134,31489,40936,31489,23436:cc
33135,30000,39000,30000,23438:cc
33140,34000,44200,34000,23440:cc
33143,34000,44200,34000,23440:cc
33144,34000,44200,34000,23440:cc
33173,1967126,2557264,1967126,"23445:cc,21884:cc,23449:cc,27503:cc"
33204,7308912,9501586,7308912,"23793:cc,21844:cc,22452:cc,22456:cc,23572:cc"
33839,8997,11696,8997,"27659:cc,33838:none"
33848,25400,33020,25400,"31672:cc,31673:cc"
33850,13192,17150,13192,27658:cc
34099,660200,858260,660200,"21887:cc,14341:cc,22451:cc"
34106,3386066,4401886,3386066,"23793:cc,29548:cc,22452:cc,23572:cc"
34353,5095938,6624719,5095938,"32478:derived,22456:cc,23572:cc"
34354,8825558,11473225,8825558,"32461:derived,21884:cc,23572:cc"
34355,9591924,12469501,9591924,"32476:derived,23571:cc,22451:cc,23572:cc"
34356,8639280,11231064,8639280,"32474:derived,22451:cc,23572:cc"
34357,8049253,10464029,8049253,"32473:derived,35128:cc,23571:cc,23572:cc"
34358,3786564,4922533,3786564,"35128:cc,23572:cc"
34359,6333747,8233871,6333747,"31079:cc,32227:cc,32228:cc"
34360,3520770,4577001,3520770,"31079:cc,32249:cc"
34361,19022380,24729094,19022380,"35128:cc,22451:cc,31079:cc,34664:cc"
34363,14983700,19478810,14983700,"35128:cc,21886:cc,31079:cc,34664:cc"
34364,291404,378825,291404,"24271:cc,24272:cc,23572:cc"
34365,2149312,2794106,2149312,"21845:cc,23572:cc"
34366,6110060,7943078,6110060,"24271:cc,24272:cc,34664:cc"
34367,10906242,14178115,10906242,"21845:cc,21886:cc,21885:cc,34664:cc"
34369,17208366,22370876,17208366,"23793:cc,25707:cc,23571:cc,23572:cc"
34370,25591882,33269447,25591882,"23793:cc,25707:cc,22456:cc,23571:cc,34664:cc"
34371,17224254,22391530,17224254,"23793:cc,25708:cc,23571:cc,23572:cc"
34372,27262092,35440720,27262092,"23793:cc,25708:cc,21886:cc,23571:cc,34664:cc"
34373,17725902,23043673,17725902,"23793:cc,29547:cc,23571:cc,23572:cc"
34374,31231336,40600737,31231336,"23793:cc,29547:cc,22451:cc,23571:cc,34664:cc"
34375,17417094,22642222,17417094,"23793:cc,29548:cc,23571:cc,23572:cc"
34376,27390652,35607848,27390652,"23793:cc,29548:cc,21886:cc,23571:cc,34664:cc"
34377,7012642,9116435,7012642,"23449:cc,23573:cc,21884:cc,22456:cc,23572:cc"
34378,19346330,25150229,19346330,"35128:cc,21884:cc,22456:cc,22451:cc,34664:cc"
34379,7048067,9162487,7048067,"23449:cc,23573:cc,21886:cc,21885:cc,23572:cc"
34380,23953178,31139131,23953178,"35128:cc,21886:cc,23571:cc,34664:cc"
34490,1984425,2579752,1984425,"23793:cc,29547:cc,25707:cc,29548:cc,25708:cc,14341:cc"
34663,37,48,37,"17056:cc,34660:none"
34847,7281640,9466132,7281640,"32494:derived,22456:cc,21884:cc,22457:cc,23572:cc"
35181,7244040,9417252,7244040,"32495:derived,21886:cc,22457:cc,23572:cc"
35182,7188906,9345578,7188906,"32480:derived,21885:cc,21886:cc,23572:cc"
35183,7107936,9240317,7107936,"32479:derived,21885:cc,22457:cc,23572:cc"
35184,7220837,9387088,7220837,"32475:derived,21886:cc,22457:cc,21885:cc,23572:cc"
35185,10739108,13960840,10739108,"32472:derived,21886:cc,22457:cc,22452:cc,23572:cc"
35315,34000,44200,34000,23440:cc
35501,290000,377000,290000,25867:cc
35503,459999,597999,459999,25868:cc
35581,5200500,6760650,5200500,"21840:cc,23786:cc,23785:cc,23787:cc"
35693,996000,1294800,996000,"23449:cc,32228:cc,23440:cc"
35694,4461800,5800340,4461800,"23449:cc,32231:cc,22452:cc"
35700,3467298,4507487,3467298,"23447:cc,32227:cc,21884:cc"
35701,45,58,45,9282:derived
35702,1220898,1587167,1220898,"23573:cc,32230:cc,22456:cc"
35703,1917590,2492867,1917590,"23447:cc,32249:cc,22457:cc"
35748,12764107,16593339,12764107,"13503:derived,22451:cc,30183:cc"
35749,13244107,17217339,13244107,"13503:derived,21884:cc,30183:cc"
35750,11552503,15018254,11552503,"13503:derived,21886:cc,30183:cc"
35751,10999297,14299086,10999297,"13503:derived,22456:cc,30183:cc"
35945,370620,481806,370620,"23117:cc,23077:cc,23079:cc,21929:cc,23112:cc,23107:cc"
36766,1489998,1936997,1489998,42225:cc
36767,1489998,1936997,1489998,42225:cc
36919,1138947,1480631,1138947,"36860:cc,36918:cc"
36922,515693,670401,515693,"36921:cc,35625:cc"
36925,282139,366781,282139,"35623:cc,36924:cc"
36928,362766,471596,362766,"35627:cc,36927:cc"
36931,537305,698496,537305,"36930:cc,35627:cc"
36934,139143,180886,139143,36933:cc
37312,9673,12575,9673,"4470:cc,2321:cc,13464:cc"
37706,294616,383001,294616,"36913:cc,35624:cc"
38378,944152,1227398,944152,"38425:cc,35627:cc"
38387,467856,608213,467856,38425:cc
38388,467856,608213,467856,38425:cc
38389,467856,608213,467856,38425:cc
38390,467856,608213,467856,38425:cc
38420,74700,97110,74700,33568:cc
38421,74700,97110,74700,33568:cc
39688,1005642,1307335,1005642,"36913:cc,39683:cc,39684:cc,40533:cc"
39707,62250,80925,62250,33568:cc
39708,49800,64740,49800,33568:cc
39709,49800,64740,49800,33568:cc
39710,49800,64740,49800,33568:cc
39711,37350,48555,37350,33568:cc
40000,897519,1166775,897519,36918:cc
40111,1138947,1480631,1138947,36919:derived
40112,1138947,1480631,1138947,36919:derived
40113,1138947,1480631,1138947,36919:derived
40114,1138947,1480631,1138947,36919:derived
40115,1138947,1480631,1138947,36919:derived
40116,1138947,1480631,1138947,36919:derived
40117,1138947,1480631,1138947,36919:derived
40118,1138947,1480631,1138947,36919:derived
40119,282139,366781,282139,36925:derived
40120,282139,366781,282139,36925:derived
40121,282139,366781,282139,36925:derived
40122,282139,366781,282139,36925:derived
40123,515693,670401,515693,36922:derived
40124,515693,670401,515693,36922:derived
40125,515693,670401,515693,36922:derived
40126,515693,670401,515693,36922:derived
40127,515693,670401,515693,36922:derived
40128,515693,670401,515693,36922:derived
40129,362766,471596,362766,36928:derived
40130,362766,471596,362766,36928:derived
40131,362766,471596,362766,36928:derived
40132,362766,471596,362766,36928:derived
40133,362766,471596,362766,36928:derived
40134,362766,471596,362766,36928:derived
40135,362766,471596,362766,36928:derived
40136,362766,471596,362766,36928:derived
40137,362766,471596,362766,36928:derived
40138,362766,471596,362766,36928:derived
40139,362766,471596,362766,36928:derived
40140,362766,471596,362766,36928:derived
40141,362766,471596,362766,36928:derived
40142,537305,698496,537305,36931:derived
40143,537305,698496,537305,36931:derived
40144,537305,698496,537305,36931:derived
40145,537305,698496,537305,36931:derived
40146,537305,698496,537305,36931:derived
40147,537305,698496,537305,36931:derived
40148,537305,698496,537305,36931:derived
40149,537305,698496,537305,36931:derived
40150,537305,698496,537305,36931:derived
40151,537305,698496,537305,36931:derived
40152,537305,698496,537305,36931:derived
40153,537305,698496,537305,36931:derived
40154,537305,698496,537305,36931:derived
40155,537305,698496,537305,36931:derived
40156,537305,698496,537305,36931:derived
40157,537305,698496,537305,36931:derived
40158,537305,698496,537305,36931:derived
40159,537305,698496,537305,36931:derived
40160,537305,698496,537305,36931:derived
40161,537305,698496,537305,36931:derived
40162,537305,698496,537305,36931:derived
40163,537305,698496,537305,36931:derived
40164,139143,180886,139143,36934:derived
40165,139143,180886,139143,36934:derived
40166,139143,180886,139143,36934:derived
40167,139143,180886,139143,36934:derived
40168,139143,180886,139143,36934:derived
40169,139143,180886,139143,36934:derived
40170,139143,180886,139143,36934:derived
40171,139143,180886,139143,36934:derived
40172,139143,180886,139143,36934:derived
40173,139143,180886,139143,36934:derived
40174,139143,180886,139143,36934:derived
40175,139143,180886,139143,36934:derived
40176,139143,180886,139143,36934:derived
40177,139143,180886,139143,36934:derived
40178,139143,180886,139143,36934:derived
40179,139143,180886,139143,36934:derived
40180,139143,180886,139143,36934:derived
40181,139143,180886,139143,36934:derived
40182,139143,180886,139143,36934:derived
40216,40100,52130,40100,"37703:cc,18256:cc"
40217,76848,99902,76848,"37704:cc,18256:cc"
40248,660116,858151,660116,"35623:cc,35624:cc,36860:cc,35622:cc"
40484,19560,25428,19560,"39469:cc,785:cc,39354:cc,10648:cc,39501:cc,39502:cc"
40948,19560,25428,19560,"39469:cc,785:cc,39354:cc,10648:cc,39501:cc,39502:cc"
40956,335016,435521,335016,"36916:cc,37705:cc"
40957,335016,435521,335016,"36916:cc,37705:cc"
40958,335016,435521,335016,"36916:cc,37705:cc"
41121,1177684,1530989,1177684,"41163:cc,36913:cc,35622:cc,35623:cc"
41186,347123,451260,347123,"36913:cc,37702:cc"
41187,307013,399117,307013,"36913:cc,37702:cc"
41188,453586,589662,453586,"36913:cc,37702:cc"
41189,295616,384301,295616,"36913:cc,37701:cc"
41190,275561,358229,275561,"36913:cc,37701:cc"
41264,1792194,2329852,1792194,"38425:cc,35623:cc"
41741,159596,207475,159596,36916:cc
42142,1489998,1936997,1489998,42225:cc
42143,1489998,1936997,1489998,42225:cc
42144,1489998,1936997,1489998,42225:cc
42145,1489998,1936997,1489998,42225:cc
42146,1489998,1936997,1489998,42225:cc
42148,1489998,1936997,1489998,42225:cc
42149,1489998,1936997,1489998,42225:cc
42150,1489998,1936997,1489998,42225:cc
42151,1489998,1936997,1489998,42225:cc
42152,1489998,1936997,1489998,42225:cc
42153,1489998,1936997,1489998,42225:cc
42154,1489998,1936997,1489998,42225:cc
42155,1489998,1936997,1489998,42225:cc
42156,1489998,1936997,1489998,42225:cc
42157,1489998,1936997,1489998,42225:cc
42158,1489998,1936997,1489998,42225:cc
42341,2276219,2959085,2276219,"41163:cc,36918:cc,36921:cc"
42395,1098169,1427620,1098169,"41163:cc,36927:cc,36930:cc"
42413,537213,698377,537213,"41163:cc,36924:cc,36933:cc"
42418,1358281,1765765,1358281,"41163:cc,36933:cc,36918:cc"
42549,2572022,3343629,2572022,"41163:cc,38425:cc,36924:cc,35624:cc,43102:cc"
42550,4750856,6176113,4750856,"41163:cc,38425:cc,36918:cc,35623:cc,43102:cc"
42551,2858942,3716625,2858942,"41163:cc,38425:cc,36927:cc,35622:cc,43102:cc"
42552,3758136,4885577,3758136,"41163:cc,38425:cc,36930:cc,36860:cc,43102:cc"
42553,4578188,5951644,4578188,"41163:cc,38425:cc,36918:cc,35627:cc,43102:cc"
42554,3775736,4908457,3775736,"41163:cc,38425:cc,36933:cc,35625:cc,43102:cc"
42555,3182180,4136834,3182180,"41163:cc,38425:cc,36921:cc,35623:cc,43102:cc"
42976,87500,113750,87500,"42977:vendor,42978:vendor,42979:vendor,42980:vendor,42981:vendor,42982:vendor,42983:vendor"
43099,13186,17142,13186,"43100:none,43013:cc"
43144,158400,205920,158400,"34752:cc,43143:none"
43149,26372,34284,26372,"43013:cc,43148:none"
43246,113664,147763,113664,"35624:cc,36926:cc"
43247,110866,144126,110866,"35624:cc,36932:cc"
43252,1071579,1393053,1071579,"41163:cc,35623:cc,36860:cc"
43269,16710,21723,16710,"36932:cc,36917:cc"
43270,27781,36115,27781,"36923:cc,36926:cc"
43272,13994,18192,13994,"36929:cc,36920:cc"
43274,15466,20106,15466,"36920:cc,36932:cc"
43275,15238,19809,15238,"36917:cc,36929:cc"
43276,16865,21924,16865,"36920:cc,36926:cc"
43298,17982,23377,17982,36923:cc
43336,46000,59800,46000,"43116:cc,39354:cc,10648:cc,39501:cc,39502:cc"
43337,46000,59800,46000,"43116:cc,39354:cc,10648:cc,39501:cc,39502:cc"
43362,20200,26260,20200,"39774:cc,39354:cc"
43383,46000,59800,46000,"43116:cc,39354:cc,10648:cc,39501:cc,39502:cc"
43384,46000,59800,46000,"43116:cc,39354:cc,10648:cc,39501:cc,39502:cc"
43482,1701712,2212226,1701712,"41163:cc,36860:cc"
43498,1701712,2212226,1701712,"41163:cc,36860:cc"
43569,201134,261474,201134,"33447:cc,40411:cc"
43570,405674,527376,405674,"33448:cc,40411:cc"
43584,1829652,2378548,1829652,"41511:cc,36860:cc,35622:cc,38426:cc,43102:cc"
44063,1133879,1474043,1133879,"41163:cc,36930:cc,36933:cc"
44259,70000,91000,70000,"44261:vendor,44262:vendor,44263:vendor,44264:vendor,44265:vendor,44266:vendor,44267:vendor"
44276,70000,91000,70000,"44278:vendor,44279:vendor,44280:vendor,44281:vendor,44282:vendor,44284:vendor,44285:vendor"
44294,70000,91000,70000,"44287:vendor,44288:vendor,44289:vendor,44290:vendor,44291:vendor,44292:vendor,44293:vendor"
44322,1019335,1325136,1019335,"36901:cc,35625:cc,36908:cc"
44323,329599,428479,329599,"37921:cc,40195:cc,36908:cc"
44324,497401,646621,497401,"36903:cc,36904:cc,36908:cc"
44326,70000,91000,70000,"44269:vendor,44270:vendor,44271:vendor,44272:vendor,44273:vendor,44274:vendor,44275:vendor"
44451,14064344,18283647,14064344,"41741:derived,34054:cc,34056:cc,22463:derived"
44452,16303295,21194284,16303295,"41745:cc,34054:cc,34055:cc,34052:cc,22463:derived"
44462,5000,6500,5000,"44460:vendor,44461:vendor"
44555,6061978,7880571,6061978,"41594:cc,36783:cc,42253:cc"
44556,7938646,10320240,7938646,"41595:cc,36783:cc,42253:cc"
44557,2443984,3177179,2443984,"41593:cc,36783:cc,42253:cc"
44558,3928554,5107120,3928554,"41511:cc,36930:cc,2604:cc,4341:vendor,42253:cc"
44834,30,39,30,44856:vendor
44836,2,3,2,"46784:vendor,44853:vendor"
44837,14,18,14,"30816:cc,44835:none"
44838,32,42,32,"44834:derived,44853:vendor,44835:none"
44839,2,3,2,"44855:vendor,44853:vendor,44835:none"
44840,2,3,2,"44854:vendor,44853:vendor"
44943,403179,524133,403179,"43102:cc,36923:cc,36926:cc,36932:cc"
44949,2541952,3304538,2541952,"41163:cc,38425:cc,36933:cc,35624:cc,43102:cc"
44951,141298,183687,141298,"36913:cc,39690:cc"
45550,6097350,7926555,6097350,"37663:cc,45087:vendor"
45551,6097350,7926555,6097350,"37663:cc,45087:vendor"
45552,6097350,7926555,6097350,"37663:cc,45087:vendor"
45553,2180165,2834214,2180165,"44128:cc,38557:cc,45087:vendor"
45554,2057405,2674626,2057405,"44128:cc,38558:cc,45087:vendor"
45555,2609749,3392674,2609749,"44128:cc,35627:cc,45087:vendor"
45556,2133453,2773489,2133453,"38425:cc,44128:cc,45087:vendor"
45557,6979108,9072840,6979108,"41595:cc,41593:cc,45087:vendor"
45558,8139992,10581990,8139992,"41594:cc,45087:vendor"
45559,6097350,7926555,6097350,"37663:cc,45087:vendor"
45560,6097350,7926555,6097350,"37663:cc,45087:vendor"
45561,6097350,7926555,6097350,"37663:cc,45087:vendor"
45562,2577505,3350756,2577505,"44128:cc,38561:cc,45087:vendor"
45563,2180165,2834214,2180165,"44128:cc,38557:cc,45087:vendor"
45564,2254637,2931028,2254637,"44128:cc,35627:cc,45087:vendor"
45565,2180165,2834214,2180165,"44128:cc,38557:cc,45087:vendor"
45566,6979108,9072840,6979108,"41595:cc,41593:cc,45087:vendor"
45567,8139992,10581990,8139992,"41594:cc,45087:vendor"
45908,39625,51512,39625,"43124:cc,39502:cc"
45942,2475000,3217500,2475000,45924:vendor
46691,3173,4125,3173,"30817:cc,1179:cc"
46887,52,68,52,"44837:derived,44839:derived,44840:derived,44836:derived,44838:derived"
47499,144138,187379,144138,"36908:cc,40411:cc"
47570,9916860,12891918,9916860,"37663:cc,36913:cc,47556:vendor"
47571,9916860,12891918,9916860,"37663:cc,36913:cc,47556:vendor"
47572,12015760,15620488,12015760,"37663:cc,41355:cc,47556:vendor"
47573,12015760,15620488,12015760,"37663:cc,41355:cc,47556:vendor"
47574,14345904,18649675,14345904,"37663:cc,35625:cc,47556:vendor"
47575,14345904,18649675,14345904,"37663:cc,35625:cc,47556:vendor"
47576,4831522,6280979,4831522,"38557:cc,35622:cc,44128:cc,47556:vendor"
47577,4831522,6280979,4831522,"38557:cc,35622:cc,44128:cc,47556:vendor"
47579,6754810,8781253,6754810,"38558:cc,34057:cc,44128:cc,47556:vendor"
47580,6754810,8781253,6754810,"38558:cc,34057:cc,44128:cc,47556:vendor"
47581,6739362,8761171,6739362,"38425:cc,35627:cc,44128:cc,47556:vendor"
47582,6739362,8761171,6739362,"38425:cc,35627:cc,44128:cc,47556:vendor"
47583,9438834,12270484,9438834,"38425:cc,35625:cc,44128:cc,47556:vendor"
47584,9438834,12270484,9438834,"38425:cc,35625:cc,44128:cc,47556:vendor"
47585,12142445,15785178,12142445,"41595:cc,36934:derived,36919:derived,36925:derived,47556:vendor"
47586,12142445,15785178,12142445,"41595:cc,36934:derived,36919:derived,36925:derived,47556:vendor"
47587,11999988,15599984,11999988,"41594:cc,47556:vendor"
47588,11999988,15599984,11999988,"41594:cc,47556:vendor"
47589,12554692,16321100,12554692,"37663:cc,41245:cc,47556:vendor"
47590,12554692,16321100,12554692,"37663:cc,41245:cc,47556:vendor"
47591,18178014,23631418,18178014,"37663:cc,35625:cc,36925:derived,47556:vendor"
47592,18178014,23631418,18178014,"37663:cc,35625:cc,36925:derived,47556:vendor"
47593,20124940,26162422,20124940,"37663:cc,35625:cc,47556:vendor"
47594,20124940,26162422,20124940,"37663:cc,35625:cc,47556:vendor"
47595,9357968,12165358,9357968,"38557:cc,35622:cc,35625:cc,44128:cc,47556:vendor"
47596,9357968,12165358,9357968,"38557:cc,35622:cc,35625:cc,44128:cc,47556:vendor"
47597,7218520,9384076,7218520,"38558:cc,35623:cc,34055:cc,44128:cc,47556:vendor"
47598,7218520,9384076,7218520,"38558:cc,35623:cc,34055:cc,44128:cc,47556:vendor"
47599,9700088,12610114,9700088,"38425:cc,35627:cc,44128:cc,47556:vendor"
47600,9700088,12610114,9700088,"38425:cc,35627:cc,44128:cc,47556:vendor"
47601,14199208,18458970,14199208,"38425:cc,35625:cc,44128:cc,47556:vendor"
47602,14199208,18458970,14199208,"38425:cc,35625:cc,44128:cc,47556:vendor"
47603,14222048,18488662,14222048,"41593:cc,41595:cc,34052:cc,47556:vendor"
47604,14222048,18488662,14222048,"41593:cc,41595:cc,34052:cc,47556:vendor"
47605,21111366,27444776,21111366,"41594:cc,36922:derived,47556:vendor"
47606,21111366,27444776,21111366,"41594:cc,36922:derived,47556:vendor"
48945,960029,1248038,960029,"10726:derived,36913:cc,39681:cc,35622:cc"
49040,17281256,22465633,17281256,"18232:cc,34113:cc,40769:cc,37663:cc,36922:derived,39681:cc"
49768,187500,243750,187500,"43127:cc,39502:cc"
49890,10368662,13479261,10368662,"41595:cc,41593:cc,49908:vendor"
49891,17257770,22435101,17257770,"41595:cc,41593:cc,49908:vendor"
49892,20159980,26207974,20159980,"41594:cc,49908:vendor"
49893,10149990,13194987,10149990,"41594:cc,49908:vendor"
49894,7447783,9682118,7447783,"38561:cc,44128:cc,35625:cc,49908:vendor"
49895,6485688,8431394,6485688,"38558:cc,44128:cc,35627:cc,49908:vendor"
49896,5391489,7008936,5391489,"38557:cc,44128:cc,35623:cc,49908:vendor"
49897,5724444,7441777,5724444,"38557:cc,44128:cc,35624:cc,49908:vendor"
49898,11943572,15526644,11943572,"38561:cc,44128:cc,35625:cc,49908:vendor"
49899,7824176,10171429,7824176,"38558:cc,44128:cc,35627:cc,49908:vendor"
49900,8637608,11228890,8637608,"38557:cc,44128:cc,35623:cc,49908:vendor"
49901,6611096,8594425,6611096,"38557:cc,44128:cc,35624:cc,49908:vendor"
49902,18888100,24554530,18888100,"37663:cc,35623:cc,49908:vendor"
49903,18024760,23432188,18024760,"37663:cc,35627:cc,49908:vendor"
49904,16354960,21261448,16354960,"37663:cc,35624:cc,49908:vendor"
49905,10754552,13980918,10754552,"37663:cc,35624:cc,49908:vendor"
49906,11697722,15207039,11697722,"37663:cc,35622:cc,36860:cc,49908:vendor"
49907,10754552,13980918,10754552,"37663:cc,35624:cc,49908:vendor"
52020,14846,19300,14846,37701:cc
52021,37800,49140,37800,37703:cc
54797,4117768,5353098,4117768,"41594:cc,41595:cc,41593:cc,43102:cc"
