item,name,old_avg,new_avg,old_min,new_min,vendor_sell,listings,last_seen,factor
21944,Design: Truesilver Boar,286224085,39999,224999595,39999,1875,5,2026-09-20 20:05:07,0.0001
6317,Raw Loch Frenzy,17617,10,13428,10,2,5,2026-09-19 12:04:52,0.0006
16253,Formula: Enchant Chest - Greater Stats,99838065,62193,41998193,62000,7500,8,2026-09-20 20:05:07,0.0006
25887,Schematic: Purple Smoke Flare,99501283,55250,59700770,55000,15000,3,2026-09-20 20:05:07,0.0006
6316,Loch Frenzy Delight,10000,9,10000,9,3,8,2026-06-21 12:45:14,0.0009
11733,Libram of Constitution,55133,51,51578,51,0,6,2026-09-20 20:05:07,0.0009
11736,Libram of Resilience,49408,42,35317,42,0,6,2026-09-20 20:05:07,0.0009
11737,Libram of Voracity,57798,85,51230,84,0,3,2026-09-20 20:05:07,0.0015
11732,Libram of Rumination,63797,123,38278,123,0,4,2026-09-20 20:05:07,0.0019
7026,Linen Belt,14568,50,4183,50,22,5,2026-09-15 07:25:11,0.0034
34411,Hot Apple Cider,267158,1010,33753,1010,160,20,2026-09-20 20:05:07,0.0038
41751,Black Mushroom,17829,69,10754,69,5,10,2026-05-31 00:25:37,0.0039
12261,Plans: Searing Golden Blade,8615395,49899,2779707,49800,950,3,2026-09-20 20:05:07,0.0058
23810,Schematic: Crashin' Thrashin' Robot,9084007,59999,5128509,59999,20000,3,2026-09-20 20:05:07,0.0066
47828,Goblin Beam Welder,602812,3999,194172,3999,250,23,2026-09-20 20:05:07,0.0066
20966,Jade Pendant of Blasting,4133571,30000,2295000,30000,3482,3,2026-09-20 20:05:07,0.0073
11734,Libram of Tenacity,35134,272,21963,270,0,4,2026-09-20 20:05:07,0.0077
961,Healing Herb,22784,200,15173,200,2,3,2026-08-29 23:05:34,0.0088
3384,Minor Magic Resistance Potion,10595,100,6357,100,20,10,2026-09-13 10:05:04,0.0094
11846,Wizbang's Special Brew,31365,299,8999,299,30,5,2026-09-14 21:05:25,0.0095
22542,Formula: Enchant Boots - Vitality,7525651,77744,2872933,77744,10000,4,2026-09-20 20:05:07,0.0103
16044,Schematic: Lifelike Mechanical Toad,1184354,12299,371149,12299,4000,8,2026-09-20 20:05:07,0.0104
774,Malachite,1490,16,302,16,15,188,2026-09-20 20:05:07,0.0107
42172,Pattern: Red Lumberjack Shirt,7760687,97250,4656412,97000,12500,3,2026-09-20 20:05:07,0.0125
36862,Worn Troll Dice,3820271,48950,2804400,48900,0,3,2026-09-20 20:05:07,0.0128
28270,Formula: Enchant Chest - Major Resilience,3343945,51500,2658467,49000,15000,3,2026-09-20 20:05:07,0.0154
4960,Flash Pellet,6127,100,1118,100,12,25,2026-09-18 19:04:46,0.0163
43652,Slippery Eel,5570,99,1928,99,62,60,2026-09-20 20:05:07,0.0178
43420,Glyph of Barbaric Insults,8865,159,5319,158,100,12,2026-09-20 20:05:07,0.0179
7307,Flesh Eating Worm,9582,180,7938,180,62,5,2026-09-20 20:05:07,0.0188
769,Chunk of Boar Meat,1202,24,721,21,3,411,2026-09-20 20:05:07,0.02
6889,Small Egg,4948,102,3355,101,4,149,2026-09-20 20:05:07,0.0206
6811,Aquadynamic Fish Lens,3177,67,2646,67,25,20,2026-09-20 19:05:07,0.0211
21547,Recipe: Elixir of Greater Firepower,227672,5000,161978,5000,2500,6,2026-09-20 20:05:07,0.022
2318,Light Leather,1795,46,837,45,15,1815,2026-09-20 20:05:07,0.0256
4397,Gnomish Cloaking Device,4250000,120000,2500000,120000,5000,5,2026-08-05 05:45:01,0.0282
2296,Great Goretusk Snout,3358,96,1541,95,50,34,2026-09-20 20:05:07,0.0286
4378,Heavy Dynamite,31148,990,7831,990,350,19,2026-09-12 17:45:18,0.0318
40912,Glyph of Regrowth,191209,6750,89982,6750,100,39,2026-09-20 20:05:07,0.0353
13476,Recipe: Mighty Rage Potion,120907,4550,76757,4500,3000,4,2026-09-20 20:05:07,0.0376
3685,Raptor Egg,7846,300,3665,300,71,136,2026-09-20 20:05:07,0.0382
39686,Neo-Dynamic Gear Assembly,489040,19199,109227,19199,2250,10,2026-09-20 20:05:07,0.0393
42398,Glyph of Fade,48773,1990,43194,1990,100,15,2026-09-20 20:05:07,0.0408
5637,Large Fang,11262,482,5215,479,75,60,2026-09-20 20:05:07,0.0428
4349,Pattern: Phoenix Pants,9608,419,6013,419,175,3,2026-09-20 20:05:07,0.0436
7075,Core of Earth,96015,4185,50298,3800,400,21,2026-09-20 20:05:07,0.0436
929,Healing Potion,2729,120,1637,120,75,65,2026-09-20 20:05:07,0.044
2584,Woolen Cape,18060,825,5816,825,142,4,2026-09-19 17:25:07,0.0457
11584,Cactus Apple Surprise,7884,372,5191,372,1,3,2026-09-20 05:45:09,0.0472
731,Goretusk Snout,1550,79,930,79,27,45,2026-09-20 20:05:07,0.051
10562,Hi-Explosive Bomb,21069,1110,12641,1050,750,111,2026-09-20 20:05:07,0.0527
3383,Elixir of Wisdom,7234,388,4340,388,100,35,2026-09-20 20:05:07,0.0536
7974,Zesty Clam Meat,8999,485,3493,484,50,140,2026-09-20 20:05:07,0.0539
12227,Recipe: Lean Wolf Steak,1760341,100000,1056205,100000,400,3,2026-09-20 20:05:07,0.0568
3664,Crocolisk Gumbo,6363,363,4686,363,100,9,2026-09-13 14:45:06,0.057
9260,Volatile Rum,8448,488,6864,400,400,18,2026-09-20 20:05:07,0.0578
49084,Glyph of Command,341962,20001,269802,20001,100,22,2026-09-20 20:05:07,0.0585
3726,Big Bear Steak,8061,503,4819,503,125,20,2026-09-20 20:05:07,0.0624
43331,Glyph of Unburdened Rebirth,309988,19347,219178,19298,100,11,2026-09-20 20:05:07,0.0624
7976,Plans: Mithril Shield Spike,50963,3232,25148,3199,2000,7,2026-09-20 20:05:07,0.0634
1177,Oil of Olaf,10796,692,2112,690,3,10,2026-09-20 20:05:07,0.0641
43571,Sewer Carp,1754,115,1283,115,62,36,2026-09-20 20:05:07,0.0656
12205,White Spider Meat,9819,654,9274,644,112,146,2026-09-20 20:05:07,0.0666
37163,Rogues Deck,445365,30000,378045,30000,100,4,2026-09-20 14:44:53,0.0674
11084,Large Glimmering Shard,725,50,572,50,0,126,2026-09-20 20:05:07,0.069
41524,Glyph of Lava,283436,19599,113112,19599,100,13,2026-09-20 20:05:07,0.0691
22926,Recipe: Elixir of Empowerment,1274243,89250,1149191,89000,25000,3,2026-09-20 20:05:07,0.07
10608,Schematic: Sniper Scope,185236,12985,158967,10000,950,7,2026-09-20 20:05:07,0.0701
4415,Schematic: Craftsman's Monocle,140417,9999,65899,9999,550,5,2026-09-20 20:05:07,0.0712
43368,Glyph of Sense Undead,245732,18734,116361,18594,100,16,2026-09-20 20:05:07,0.0762
42464,Glyph of Immolate,262075,19992,104638,19985,100,12,2026-09-20 20:05:07,0.0763
48118,Leaping Hatchling,521391,40000,210969,40000,2500,3,2026-09-20 20:05:07,0.0767
2672,Stringy Wolf Meat,3864,299,3369,298,4,26,2026-09-20 17:45:07,0.0774
42965,Glyph of Ghostly Strike,219087,17000,147017,17000,100,24,2026-09-20 20:05:07,0.0776
42749,Glyph of Mage Armor,23791,1900,14275,1900,100,10,2026-09-20 20:05:07,0.0799
6522,Deviate Fish,30809,2500,18705,2500,4,77,2026-09-20 20:05:07,0.0811
41498,Perfect Resolute Huge Citrine,227398,19150,127547,18300,10000,11,2026-09-20 20:05:07,0.0842
40906,Glyph of Swiftmend,235783,20001,113171,20001,100,22,2026-09-20 20:05:07,0.0848
43725,Glyph of Ghost Wolf,186517,15897,110307,15897,100,6,2026-09-20 20:05:07,0.0852
43365,Glyph of Blessing of Kings,226190,19298,87161,19298,100,15,2026-09-20 20:05:07,0.0853
43868,Glyph of Seal of Righteousness,223460,19209,136254,19209,100,16,2026-09-20 20:05:07,0.086
4406,Standard Scope,9616,831,6121,800,600,9,2026-09-20 20:05:07,0.0864
2452,Swiftthistle,17199,1490,14985,1485,15,347,2026-09-20 20:05:07,0.0866
40914,Glyph of Healing Touch,48190,4198,28914,4198,100,9,2026-09-20 20:05:07,0.0871
43367,Glyph of Lay on Hands,209113,18895,68883,18895,100,17,2026-09-20 20:05:07,0.0904
5107,Deckhand's Shirt,19768,1795,14542,1795,139,7,2026-09-20 20:05:07,0.0908
37147,Two of Swords,43108,4000,39431,4000,125,8,2026-09-20 20:05:07,0.0928
2845,Copper Axe,5317,500,3190,500,109,10,2026-06-30 14:45:07,0.094
5504,Tangy Clam Meat,44856,4299,30009,4299,22,45,2026-09-20 20:05:07,0.0958
6662,Elixir of Giant Growth,66106,6397,62659,6397,95,206,2026-09-20 20:05:07,0.0968
8069,Crafted Solid Shot,15448,1500,159,1500,0,600,2026-09-14 10:25:08,0.0971
43550,Glyph of Rune Strike,200765,19532,79078,19400,100,10,2026-09-20 20:05:07,0.0973
765,Silverleaf,1016,99,211,98,10,2450,2026-09-20 20:05:07,0.0974
42734,Glyph of Arcane Explosion,58241,5691,42752,5691,100,4,2026-09-20 20:05:07,0.0977
3385,Lesser Mana Potion,5026,493,2041,493,30,21,2026-09-20 19:45:11,0.0981
20709,Rumsey Rum Light,2931,290,2639,281,50,97,2026-09-20 20:05:07,0.0989
22553,Formula: Enchant Weapon - Potency,4199564,419500,3661608,419000,20000,3,2026-09-20 20:05:07,0.0999
22532,Formula: Enchant Bracer - Restore Mana Prime,2899095,289500,2557305,289000,15000,3,2026-09-20 20:05:07,0.0999
43399,Glyph of Thunder Clap,174237,17398,72777,17397,100,7,2026-09-20 20:05:07,0.0999
10506,Deepdive Helmet,5999999,600000,5999999,600000,5227,4,2026-07-04 14:25:06,0.1
43386,Glyph of Water Shield,185914,18696,78000,18696,100,7,2026-09-20 20:05:07,0.1006
10407,Raider's Shoulderpads,14729,1487,12880,1485,432,5,2026-09-20 20:05:07,0.101
11174,Lesser Nether Essence,60135,6205,36081,5800,0,36,2026-09-20 20:05:07,0.1032
5342,Raptor Punch,9548,1000,8279,1000,88,35,2026-09-20 20:05:07,0.1047
2677,Boar Ribs,13966,1468,10758,1450,15,26,2026-09-20 17:05:00,0.1051
43390,Glyph of Drain Soul,161228,16964,71430,16897,100,10,2026-09-20 20:05:07,0.1052
2455,Minor Mana Potion,598,63,394,61,10,34,2026-09-20 20:05:07,0.1054
5788,Pattern: Thick Murloc Armor,6846,732,2676,700,162,6,2026-09-20 20:05:07,0.1069
41448,Perfect Smooth Sun Crystal,183884,19800,127385,19600,10000,15,2026-09-20 20:05:07,0.1077
39489,Scribe's Satchel,92522,10000,82391,10000,1250,3,2026-09-07 14:05:15,0.1081
3382,Weak Troll's Blood Elixir,2300,250,2101,250,10,16,2026-09-20 20:05:07,0.1087
44330,Elixir of Armor Piercing,65251,7100,31376,7100,5000,9,2026-09-20 20:05:07,0.1088
37145,Ace of Swords,59700,6500,35820,6500,125,6,2026-09-20 20:05:07,0.1089
16767,Recipe: Undermine Clam Chowder,914392,100000,356846,100000,750,4,2026-09-20 20:05:07,0.1094
20501,Heavy Silithid Carapace,31960,3500,19176,3500,2000,3,2026-09-18 17:44:47,0.1095
5781,Murloc Scale Breastplate,499999,55000,499999,55000,601,3,2026-09-20 20:05:07,0.11
7676,Thistle Tea,90552,10000,68427,10000,30,30,2026-09-20 20:05:07,0.1104
12208,Tender Wolf Meat,5772,642,3372,633,150,153,2026-09-20 20:05:07,0.1112
8294,Traveler's Boots,445596,49874,267358,40000,12652,3,2026-09-20 20:05:07,0.1119
37159,Three of Swords,38817,4400,23290,4000,125,6,2026-09-20 20:05:07,0.1134
2453,Bruiseweed,11428,1300,7573,1300,25,175,2026-09-20 20:05:07,0.1138
5997,Elixir of Minor Defense,1277,146,766,146,5,9,2026-09-20 00:25:09,0.1143
785,Mageroyal,8714,998,6467,900,20,292,2026-09-20 20:05:07,0.1145
31679,Fel Strength Elixir,135938,15600,100000,15600,3000,3,2026-08-23 22:25:31,0.1148
1710,Greater Healing Potion,2673,307,1604,295,125,59,2026-09-20 20:05:07,0.1149
39957,Veiled Huge Citrine,51018,5870,34431,5800,5000,23,2026-09-20 20:05:07,0.1151
5572,Small Green Pouch,4116,482,2971,470,250,6,2026-09-20 20:05:07,0.1171
42400,Glyph of Flash Heal,103283,12298,58295,12298,100,8,2026-09-20 20:05:07,0.1191
43339,Glyph of Arcane Intellect,167448,20001,100469,20001,100,21,2026-09-20 20:05:07,0.1194
3356,Kingsblood,10015,1200,3535,1200,30,311,2026-09-20 20:05:07,0.1198
6657,Savory Deviate Delight,41602,5000,23873,4402,5,6751,2026-09-20 20:05:07,0.1202
2251,Gooey Spider Leg,9069,1092,8839,1092,12,9,2026-09-20 20:05:07,0.1204
42397,Glyph of Dispel Magic,11961,1448,7177,1444,100,21,2026-09-20 20:05:07,0.1211
44922,Glyph of Typhoon,165026,20000,136874,20000,100,19,2026-09-20 20:05:07,0.1212
8959,Raw Spinefin Halibut,12790,1560,4273,1560,160,13,2026-09-20 20:05:07,0.122
12184,Raptor Flesh,1890,231,749,215,87,155,2026-09-20 20:05:07,0.1222
43105,Indigo Pigment,36004,4398,21602,4398,25,283,2026-09-20 20:05:07,0.1222
41779,Design: Stalwart Monarch Topaz,346120,42600,235763,42400,40000,8,2026-09-20 20:05:07,0.1231
4334,Formal White Shirt,11273,1391,6764,1385,550,11,2026-09-20 20:05:07,0.1234
23110,Shifting Shadow Draenite,28571,3555,20000,3555,2500,8,2026-08-29 10:25:20,0.1244
39960,Wicked Huge Citrine,57680,7199,31219,7199,5000,14,2026-09-20 20:05:07,0.1248
40865,Noise Machine,553996,69398,445269,69398,67949,10,2026-09-20 20:05:07,0.1253
41092,Glyph of Judgement,153030,19176,72629,18965,100,18,2026-09-20 20:05:07,0.1253
43546,Glyph of Icy Touch,159165,20001,128870,20001,100,19,2026-09-20 20:05:07,0.1257
25867,Earthstorm Diamond,2282804,290000,1749208,290000,30000,3,2026-06-29 14:05:17,0.127
41789,Design: Inscribed Monarch Topaz,326793,41700,158310,41600,40000,3,2026-09-20 20:05:07,0.1276
42747,Glyph of Scorch,45210,5824,14975,5799,100,12,2026-09-20 20:05:07,0.1288
11165,Formula: Enchant Weapon - Lesser Elemental Slayer,15512,2050,13588,2000,750,5,2026-09-20 20:05:07,0.1322
42961,Glyph of Eviscerate,129715,17300,42850,17300,100,18,2026-09-20 20:05:07,0.1334
42406,Glyph of Shadow Word: Pain,111752,14998,79551,14998,100,8,2026-09-20 20:05:07,0.1342
22841,Major Fire Protection Potion,374784,51000,42234,51000,5000,3,2026-07-03 19:45:24,0.1361
4233,Cured Medium Hide,21665,2950,16081,2900,200,54,2026-09-20 20:05:07,0.1362
43123,Ink of the Sky,143959,19871,111489,19800,500,44,2026-09-20 20:05:07,0.138
43381,Glyph of Astral Recall,112457,15748,77455,15698,100,5,2026-09-20 20:05:07,0.14
22789,Terocone,59984,8449,30051,7399,500,119,2026-09-20 20:05:07,0.1409
18045,Tender Wolf Steak,4021,575,3496,575,300,33,2026-09-20 20:05:07,0.143
43366,Glyph of Blessing of Wisdom,99783,14697,77780,14697,100,16,2026-09-20 20:05:07,0.1473
43548,Glyph of Plague Strike,101012,14900,53270,14700,100,9,2026-09-20 20:05:07,0.1475
13757,Lightning Eel,1999,296,1907,295,10,105,2026-09-20 20:05:07,0.1481
2842,Silver Bar,12952,1929,6985,1585,100,200,2026-09-20 20:05:07,0.1489
20970,Design: Pendant of the Agate Shield,654435,99000,214094,99000,375,3,2026-09-20 20:05:07,0.1513
5773,Pattern: Robes of Arcana,3592369,550499,2155421,301000,250,3,2026-09-20 20:05:07,0.1532
6358,Oily Blackmouth,13048,1999,7829,1999,4,157,2026-09-20 20:05:07,0.1532
4298,Pattern: Guardian Belt,23902,3666,11591,3000,162,7,2026-09-20 20:05:07,0.1534
10424,Plans: Silvered Bronze Leggings,13957,2150,11891,1300,750,5,2026-09-20 20:05:07,0.154
39941,Purified Shadow Crystal,44087,6799,15736,6799,5000,7,2026-09-20 20:05:07,0.1542
6361,Raw Rainbow Fin Albacore,2881,446,1987,446,2,8,2026-09-20 18:25:05,0.1548
42970,Glyph of Sap,3287,519,2442,518,100,40,2026-09-20 20:05:07,0.1579
42969,Glyph of Rupture,258413,41094,82354,41094,100,14,2026-09-20 20:05:07,0.159
13851,Hot Wolf Ribs,9382,1500,5391,1500,312,41,2026-09-20 20:05:07,0.1599
43544,Glyph of Horn of Winter,308154,49999,246285,49999,100,3,2026-09-20 20:05:07,0.1623
4243,Fine Leather Tunic,61294,9999,36776,9999,461,4,2026-09-20 20:05:07,0.1631
42898,Glyph of Arcane Shot,93760,15391,60080,15390,100,12,2026-09-20 20:05:07,0.1642
43395,Glyph of Battle,174581,29200,68652,20001,100,17,2026-09-20 20:05:07,0.1673
4358,Rough Dynamite,5292,900,318,900,30,20,2026-09-17 03:25:16,0.1701
10560,Unstable Trigger,55988,9600,49036,9600,1000,21,2026-09-20 20:05:07,0.1715
22837,Heroic Potion,186786,32500,107500,32500,5000,8,2026-09-19 17:05:06,0.174
1318,Night Reaver,568030,99750,340818,99500,3066,3,2026-09-20 20:05:07,0.1756
2679,Charred Wolf Meat,2841,500,1705,500,5,6,2026-09-14 10:05:10,0.176
41785,Design: Tenuous Twilight Opal,320099,56583,209899,56500,40000,7,2026-09-20 20:05:07,0.1768
13510,Flask of the Titans,507653,90000,304592,90000,1250,35,2026-09-20 15:44:55,0.1773
37117,King's Square Bracers,418949,74333,300995,74000,34237,7,2026-09-20 20:05:07,0.1774
5503,Clam Meat,11469,2058,3430,2000,16,46,2026-09-20 20:05:07,0.1794
44722,Aged Yolk,55638,10000,42630,10000,800,5,2026-04-06 06:42:17,0.1797
43412,Glyph of Bloodthirst,248592,44900,105763,44900,100,13,2026-09-20 20:05:07,0.1806
37858,Awakened Handguards,456467,82500,410245,79900,37843,11,2026-09-20 20:05:07,0.1807
3667,Tender Crocolisk Meat,5414,989,3248,989,25,77,2026-09-20 20:05:07,0.1827
5082,Thin Kodo Leather,1340,246,1300,245,25,44,2026-09-20 20:05:07,0.1836
8385,Pattern: Turtle Scale Gloves,8616,1594,5705,1590,875,10,2026-09-20 20:05:07,0.185
15740,Pattern: Frostsaber Boots,103499,19400,62099,19200,4000,9,2026-09-20 20:05:07,0.1874
7363,Pattern: Pilferer's Gloves,5464,1036,3211,565,525,7,2026-09-20 20:05:07,0.1896
13462,Purification Potion,44294,8478,26576,8478,750,4,2026-09-20 20:05:07,0.1914
39469,Moonglow Ink,19306,3700,12347,3700,500,69,2026-09-20 20:05:07,0.1917
5635,Sharp Claw,737,143,384,143,45,33,2026-09-20 20:05:07,0.194
6299,Sickly Looking Fish,1007,199,354,199,1,3,2026-05-07 12:04:43,0.1976
41456,Perfect Puissant Shadow Crystal,100602,20000,70565,20000,10000,4,2026-09-20 20:05:07,0.1988
43104,Burnt Pigment,38948,7800,18978,7799,25,77,2026-09-20 20:05:07,0.2003
43354,Glyph of Possessed Strength,87995,18296,50610,18296,100,12,2026-09-20 20:05:07,0.2079
41106,Glyph of Holy Light,80114,16799,48880,16799,100,5,2026-09-20 20:05:07,0.2097
2406,Pattern: Fine Leather Boots,3790,797,2274,795,25,5,2026-09-20 20:05:07,0.2103
43360,Glyph of Frost Ward,160873,33949,85515,17899,100,3,2026-09-20 20:05:07,0.211
3612,Plans: Green Iron Gauntlets,8169,1727,8083,1725,500,6,2026-09-20 20:05:07,0.2114
43106,Ruby Pigment,46817,9997,28090,9987,25,183,2026-09-20 20:05:07,0.2135
43535,Glyph of Blood Tap,233393,49999,143858,49999,100,4,2026-09-20 20:05:07,0.2142
17058,Fish Oil,432,93,316,93,7,44,2026-09-20 20:05:07,0.2153
32423,Icy Blasting Primers,68106,14800,17207,14800,2000,40,2026-09-20 20:05:07,0.2173
11382,Blood of the Mountain,914017,199633,548410,199500,750,8,2026-09-20 09:24:56,0.2184
2924,Crocolisk Meat,3921,864,1403,860,16,66,2026-09-20 20:05:07,0.2204
42916,Glyph of Volley,205379,45468,76188,45302,100,17,2026-09-20 20:05:07,0.2214
10513,Mithril Gyro-Shot,63,14,44,14,5,800,2026-09-18 17:44:47,0.2222
6470,Deviate Scale,2815,635,785,590,20,23,2026-09-20 20:05:07,0.2256
40106,Shattered Forest Emerald,518852,117250,446155,117000,45000,3,2026-09-20 20:05:07,0.226
42545,Runic Mana Injector,654642,148500,154763,148500,3750,40,2026-09-17 20:25:10,0.2268
8492,Parrot Cage (Green Wing Macaw),163276,37666,55000,33300,1000,7,2026-09-20 20:05:07,0.2307
2408,Pattern: Fine Leather Gloves,5572,1297,5497,1200,125,4,2026-09-20 20:05:07,0.2328
21546,Elixir of Greater Firepower,127856,29800,67775,29800,35,4,2026-09-20 20:05:07,0.2331
41396,Eternal Earthsiege Diamond,858107,200900,833063,199800,60000,6,2026-09-20 20:05:07,0.2341
41110,Glyph of Seal of Light,178289,42249,77471,41972,100,30,2026-09-20 20:05:07,0.237
40085,Timeless Forest Emerald,243404,57991,149679,57991,45000,14,2026-09-20 20:05:07,0.2382
38558,Nerubian Chitin,40950,9808,17724,9700,1100,77,2026-09-20 20:05:07,0.2395
2310,Embossed Leather Cloak,12419,2982,10532,2500,149,8,2026-09-20 20:05:07,0.2401
38831,Scroll of Enchant Gloves - Advanced Mining,1019180,245600,119009,245600,0,3,2026-09-20 20:05:07,0.241
14634,Recipe: Frost Oil,453600,109500,214959,109500,625,4,2026-09-20 20:05:07,0.2414
43316,Glyph of Aquatic Form,164054,39999,73354,39999,100,10,2026-09-20 20:05:07,0.2438
39927,Lustrous Chalcedony,27969,6892,25534,6892,5000,13,2026-09-20 20:05:07,0.2464
14512,Pattern: Truefaith Vestments,2162551,540000,1309089,80000,15000,3,2026-09-20 20:05:07,0.2497
39338,Golden Pigment,31262,7900,15632,7798,25,94,2026-09-20 20:05:07,0.2527
45760,Glyph of Pain Suppression,79463,20077,47922,19899,100,15,2026-09-20 20:05:07,0.2527
2674,Crawler Meat,15388,3899,9233,3899,12,10,2026-09-20 20:05:07,0.2534
4797,Fiery Cloak,39037,9904,36981,9904,852,5,2026-09-20 20:05:07,0.2537
2962,Burnt Leather Breeches,5760,1474,1432,800,120,4,2026-09-20 19:45:11,0.2559
2681,Roasted Boar Meat,690,177,414,177,6,81,2026-09-20 20:05:07,0.2565
43377,Glyph of Pick Lock,194881,49999,114287,49999,100,5,2026-09-20 20:05:07,0.2566
42408,Glyph of Power Word: Shield,55657,14300,43143,14300,100,20,2026-09-20 20:05:07,0.2569
37857,Helm of the Lightning Halls,424601,109250,389042,109000,67873,4,2026-09-20 20:05:07,0.2573
24271,Spellcloth,1651157,425000,721451,425000,4000,4,2026-09-11 13:25:00,0.2574
4306,Silk Cloth,3862,995,2589,931,150,3056,2026-09-20 20:05:07,0.2576
4232,Medium Hide,7702,1987,4589,1900,125,67,2026-09-20 20:05:07,0.258
4407,Accurate Scope,183527,47600,110116,46855,1200,37,2026-09-20 20:05:07,0.2594
31331,The Night Blade,18923173,4935031,11353904,4872563,106334,3,2026-09-20 20:05:07,0.2608
38961,Scroll of Enchant Boots - Greater Spirit,105486,27533,34348,25000,0,17,2026-09-20 20:05:07,0.261
40024,Tenuous Twilight Opal,561480,147994,336888,147994,45000,16,2026-09-20 20:05:07,0.2636
42900,Glyph of Mending,74860,19793,62571,19792,100,27,2026-09-20 20:05:07,0.2644
36782,Succulent Clam Meat,5640,1492,3384,1487,150,74,2026-09-20 20:05:07,0.2645
2459,Swiftness Potion,48102,12933,33617,12933,25,408,2026-09-20 20:05:07,0.2689
43344,Glyph of Water Breathing,150182,40396,79115,40396,100,16,2026-09-20 20:05:07,0.269
45804,Glyph of Dark Death,172653,47290,147150,47290,100,8,2026-09-20 20:05:07,0.2739
2311,White Leather Jerkin,21720,5995,13032,5995,250,16,2026-09-20 20:05:07,0.276
5972,Pattern: Fine Leather Pants,6460,1797,1910,1795,375,4,2026-09-20 20:05:07,0.2782
6373,Elixir of Firepower,8956,2500,5374,2500,35,9,2026-09-20 20:05:07,0.2791
43671,Glyph of Corpse Explosion,178887,49999,107332,49999,100,4,2026-09-20 20:05:07,0.2795
3241,Heavy Weightstone,17741,5000,10320,5000,40,3,2026-09-20 20:05:07,0.2818
2775,Silver Ore,22512,6346,9205,4300,75,266,2026-09-20 20:05:07,0.2819
13760,Raw Sunscale Salmon,26467,7500,15880,2900,10,41,2026-09-20 20:05:07,0.2834
16216,Formula: Enchant Cloak - Greater Resistance,17498,4999,11786,4999,3000,3,2026-09-20 20:05:07,0.2857
43825,Glyph of Rune Tap,37078,10624,22247,10500,100,12,2026-09-20 20:05:07,0.2865
2303,Handstitched Leather Pants,8651,2500,3925,2500,71,9,2026-09-20 20:05:07,0.289
38949,Scroll of Enchant Shield - Resilience,306731,89666,277292,89500,0,7,2026-09-20 20:05:07,0.2923
41509,Frostweave Net,11857,3500,11539,3500,200,5,2026-09-11 08:05:09,0.2952
12416,Radiant Belt,50739,15000,40909,15000,7596,4,2026-09-20 17:45:07,0.2956
38789,Scroll of Enchant Cloak - Minor Agility,27559,8149,18056,8100,0,5,2026-09-20 20:05:07,0.2957
43389,Glyph of Unending Breath,153455,47096,101112,47096,100,13,2026-09-20 20:05:07,0.3069
7070,Elemental Water,7329,2266,4300,2200,400,61,2026-09-20 20:05:07,0.3092
2835,Rough Stone,129,40,107,40,2,2189,2026-09-20 20:05:07,0.3101
9179,Elixir of Greater Intellect,22872,7139,14508,7000,1000,57,2026-09-20 20:05:07,0.3121
22710,Bloodthistle,6019,1890,2265,1890,30,63,2026-09-20 20:05:07,0.314
6786,Simple Dress,159112,50000,98286,50000,59,7,2026-09-20 20:05:07,0.3142
4404,Silver Contact,152,48,145,47,25,446,2026-09-20 20:05:07,0.3158
814,Flask of Oil,290,93,286,91,25,85,2026-09-20 20:05:07,0.3207
42410,Glyph of Psychic Scream,8723,2799,8241,2797,100,23,2026-09-20 20:05:07,0.3209
8150,Deeprock Salt,11229,3624,5230,3333,250,80,2026-09-20 20:05:07,0.3227
23826,The Bigger One,878484,289997,188797,289997,3000,6,2026-09-20 20:05:07,0.3301
40903,Glyph of Rake,34101,11399,20461,11399,100,14,2026-09-20 20:05:07,0.3343
34758,Mighty Rhino Dogs,59554,20000,27755,20000,225,5,2026-09-20 03:05:10,0.3358
4382,Bronze Framework,12893,4450,9092,4400,600,21,2026-09-20 20:05:07,0.3451
858,Lesser Healing Potion,285,99,101,99,25,207,2026-09-20 20:05:07,0.3474
6836,Dress Shoes,673444,235500,301442,235000,1,4,2026-09-20 20:05:07,0.3497
20821,Inlaid Malachite Ring,24732,8700,20430,8700,1064,7,2026-09-20 20:05:07,0.3518
7072,Naga Scale,1569,568,647,565,150,7,2026-09-20 20:05:07,0.362
27501,Scroll of Spirit V,1900,695,1378,695,100,16,2026-09-20 20:05:07,0.3658
43413,Glyph of Rapid Charge,23099,8491,13410,8490,100,20,2026-09-20 20:05:07,0.3676
4833,Glorious Shoulders,61405,22827,41410,22827,1731,5,2026-09-20 20:05:07,0.3717
1180,Scroll of Stamina,254,96,168,96,37,9,2026-09-20 20:05:07,0.378
24272,Shadowcloth,1827631,696969,453421,696969,4000,40,2026-09-11 17:45:17,0.3814
6533,Aquadynamic Fish Attractor,12942,4944,7765,4776,62,11,2026-09-20 20:05:07,0.382
42402,Glyph of Inner Fire,34549,13262,26863,13262,100,23,2026-09-20 20:05:07,0.3839
43515,Mystic Tome,75158,29123,45095,28248,1400,3,2026-09-20 20:05:07,0.3875
3871,Plans: Golden Scale Shoulders,40670,16000,19013,12500,850,7,2026-09-20 20:05:07,0.3934
33924,Delicious Chocolate Cake,642119,253000,178826,253000,125,3,2026-09-20 20:05:07,0.394
7069,Elemental Air,12505,5110,7503,3100,400,32,2026-09-20 20:05:07,0.4086
4425,Scroll of Agility III,3630,1498,2300,1498,125,37,2026-09-20 20:05:07,0.4127
14132,Wizardweave Leggings,122750,50700,114253,50700,12441,31,2026-09-20 20:05:07,0.413
5634,Free Action Potion,119294,50000,71576,50000,75,915,2026-09-20 20:05:07,0.4191
4713,Silver-thread Cloak,23269,9850,15303,9800,926,3,2026-09-20 20:05:07,0.4233
24478,Jaggal Pearl,22047,9400,17815,8800,1000,17,2026-09-20 20:05:07,0.4264
6471,Perfect Deviate Scale,17383,7433,10430,7400,500,22,2026-09-20 20:05:07,0.4276
10403,Blackened Defias Belt,261458,113333,215153,96666,541,4,2026-09-20 20:05:07,0.4335
10940,Strange Dust,4024,1774,2292,1620,0,526,2026-09-20 20:05:07,0.4409
31672,Mok'Nathal Shortribs,16574,7399,15672,7399,150,20,2026-09-20 20:05:07,0.4464
2882,Plans: Silvered Bronze Shoulders,7949,3549,4510,3499,300,6,2026-09-20 20:05:07,0.4465
5784,Slimy Murloc Scale,1102,499,232,498,75,33,2026-09-20 20:05:07,0.4528
40072,Elixir of Spirit,81677,37241,61100,36800,5000,30,2026-09-20 20:05:07,0.456
4299,Pattern: Guardian Armor,10020,4600,5957,4400,500,9,2026-09-20 20:05:07,0.4591
44327,Elixir of Deadly Strikes,64663,29800,38798,29800,5000,24,2026-09-20 20:05:07,0.4609
40913,Glyph of Rejuvenation,33903,15799,22587,15799,100,22,2026-09-20 20:05:07,0.466
23768,White Smoke Flare,4212,1985,2514,1985,250,258,2026-09-20 20:05:07,0.4713
5961,Dark Leather Pants,16727,7899,10600,7899,1089,9,2026-09-20 20:05:07,0.4722
2997,Bolt of Woolen Cloth,15222,7500,9133,7500,100,65,2026-09-20 20:05:07,0.4927
10939,Greater Magic Essence,24433,12200,12076,12200,0,96,2026-09-20 20:05:07,0.4993
22842,Major Frost Protection Potion,300000,150000,300000,150000,5000,8,2026-09-12 07:05:08,0.5
43646,Fountain Goldfish,1490,752,1380,752,62,20,2026-09-20 20:05:07,0.5047
28118,Runed Ornate Ruby,1223546,621100,734128,621100,0,4,2026-09-20 20:05:07,0.5076
20828,Ring of Twilight Shadows,8030,4099,4818,4099,677,43,2026-09-20 20:05:07,0.5105
6375,Formula: Enchant Bracer - Lesser Spirit,15480,8000,6754,7000,250,3,2026-09-20 20:05:07,0.5168
4402,Small Flame Sac,7132,3750,4279,3700,250,3,2026-09-20 20:05:07,0.5258
3576,Tin Bar,2350,1236,1410,980,35,1257,2026-09-20 20:05:07,0.526
42736,Glyph of Arcane Power,10986,5779,9381,5779,100,12,2026-09-20 20:05:07,0.526
22792,Nightmare Vine,90386,48450,79435,48400,1250,5,2026-09-20 20:05:07,0.536
40922,Glyph of Wrath,27209,14996,14389,14996,100,24,2026-09-20 20:05:07,0.5511
38954,Scroll of Enchant Shield - Defense,1515878,850000,1424198,850000,0,29,2026-09-20 20:05:07,0.5607
13758,Raw Redgill,2832,1594,1736,1500,4,240,2026-09-20 20:05:07,0.5629
40073,Elixir of Mighty Strength,52405,30030,42465,30029,5000,50,2026-09-20 20:05:07,0.573
2456,Minor Rejuvenation Potion,2147,1237,1288,1235,15,10,2026-09-20 20:05:07,0.5762
22828,Insane Strength Potion,225147,130000,155876,130000,2500,20,2026-09-18 13:04:44,0.5774
1951,Blackwater Cutlass,34040,19700,17526,19600,1258,3,2026-09-20 20:05:07,0.5787
7068,Elemental Fire,11723,6900,8686,6900,400,28,2026-09-20 20:05:07,0.5886
20817,Bronze Setting,8227,5000,6481,5000,100,22,2026-09-20 20:05:07,0.6078
38945,Scroll of Enchant Shield - Major Stamina,1609915,998000,612906,998000,0,6,2026-09-20 20:05:07,0.6199
1468,Murloc Fin,6821,4300,5168,4000,28,19,2026-09-20 20:05:07,0.6304
4419,Scroll of Intellect III,2351,1499,681,1494,112,52,2026-09-20 20:05:07,0.6376
27651,Buzzard Bites,5231,3366,3139,3200,150,53,2026-09-20 20:05:07,0.6435
21071,Raw Sagefish,15119,9995,11545,9900,25,26,2026-09-20 20:05:07,0.6611
29203,Enchanted Thorium Blades,357539,248750,214523,248750,10000,12,2026-09-20 06:05:07,0.6957
13754,Raw Glossy Mightfish,11698,8462,7019,8400,6,51,2026-09-20 20:05:07,0.7234
41535,Glyph of Lesser Healing Wave,45080,32682,35502,15366,100,4,2026-09-20 20:05:07,0.725
43826,Glyph of Blood Strike,6786,4997,4072,4997,100,17,2026-09-20 20:05:07,0.7364
34599,Juggling Torch,16612,12500,6337,12500,0,60,2026-09-20 20:05:07,0.7525
11138,Small Glowing Shard,130,98,53,98,0,127,2026-09-20 20:05:07,0.7538
3827,Mana Potion,10485,8000,6215,8000,120,22,2026-09-20 20:05:07,0.763
4727,Chief Brigadier Girdle,32087,24497,27195,19400,2791,3,2026-09-20 20:05:07,0.7635
9210,Ghost Dye,130962,100000,92380,100000,750,8,2026-09-20 20:05:07,0.7636
19183,Hourglass Sand,33140,25597,9644,25597,0,6,2026-09-20 20:05:07,0.7724
4778,Heavy Spiked Mace,39020,30345,30872,30318,1470,5,2026-09-20 20:05:07,0.7777
27422,Barbed Gill Trout,603,488,261,488,8,524,2026-09-20 20:05:07,0.8093
23819,Elemental Seaforium Charge,150000,122222,150000,122222,6000,10,2026-07-23 17:24:53,0.8148
42904,Glyph of Disengage,58950,48800,29132,48800,100,16,2026-09-20 20:05:07,0.8278
3393,Recipe: Minor Magic Resistance Potion,11325,9825,9121,9700,250,11,2026-09-20 20:05:07,0.8675
3048,Lambent Scale Legguards,20825,19250,12495,13300,1919,3,2026-09-20 20:05:07,0.9244
20498,Silithid Chitin,9479,9000,4553,8900,1000,27,2026-09-19 23:25:07,0.9495
12164,Plans: Massive Iron Axe,103613,98750,62168,98500,1100,3,2026-09-20 20:05:07,0.9531
42964,Glyph of Garrote,18247,17399,16992,17299,100,19,2026-09-20 20:05:07,0.9535
17056,Light Feather,238,239,37,238,7,69,2026-09-20 20:05:07,1.0042
4395,Goblin Land Mine,19413,19600,13750,19600,1600,5,2026-08-10 16:24:58,1.0096
41800,Deep Sea Monsterbelly,9505,9900,8614,9900,8,190,2026-09-20 20:05:07,1.0416
11167,Formula: Enchant Boots - Lesser Spirit,19104,19950,7998,19900,1000,4,2026-09-20 20:05:07,1.0443
6807,Frog Leg Stew,544,570,326,570,62,20,2026-08-29 18:25:26,1.0478
38773,Scroll of Enchant Chest - Lesser Health,18091,20000,15380,20000,0,13,2026-09-13 04:25:06,1.1055
8386,Pattern: Big Voodoo Robe,8887,9898,3871,9898,1000,4,2026-09-20 20:05:07,1.1138
13889,Raw Whitescale Salmon,29241,32868,17545,32868,5,97,2026-09-20 20:05:07,1.124
27635,Lynx Steak,4340,4999,625,4999,6,35,2026-09-08 10:05:01,1.1518
4589,Long Elegant Feather,8106,9800,6063,9800,530,3,2026-09-20 20:05:07,1.209
5631,Rage Potion,7961,9999,4777,9999,30,68,2026-09-20 20:05:07,1.256
21752,Thorium Setting,19800,25000,11320,25000,1250,91,2026-09-20 20:05:07,1.2626
783,Light Hide,750,995,371,995,50,140,2026-09-20 20:05:07,1.3267
954,Scroll of Strength,689,997,413,995,50,6,2026-09-20 20:05:07,1.447
42911,Glyph of Rapid Fire,31088,45261,22930,45095,100,18,2026-09-20 20:05:07,1.4559
42897,Glyph of Aimed Shot,33075,48199,19845,48199,100,16,2026-09-20 20:05:07,1.4573
42905,Glyph of Freezing Trap,9151,14209,4104,14209,100,5,2026-09-20 20:05:07,1.5527
729,Stringy Vulture Meat,1220,1930,87,1930,17,23,2026-09-20 20:05:07,1.582
43647,Shimmering Minnow,3084,4900,1487,4899,62,56,2026-09-20 20:05:07,1.5888
6303,Raw Slitherskin Mackerel,182,294,154,294,1,687,2026-09-20 20:05:07,1.6154
18512,Larval Acid,47634,77475,33370,77450,4000,4,2026-09-20 20:05:07,1.6265
17010,Fiery Core,230797,391000,117567,389000,2000,8,2026-09-20 20:05:07,1.6941
22790,Ancient Lichen,16766,28846,3788,27400,750,152,2026-09-20 20:05:07,1.7205
38909,Scroll of Enchant Boots - Fortitude,528183,935888,316910,935888,0,5,2026-09-20 19:45:11,1.7719
34751,Roasted Worg,39304,70000,24029,70000,225,7,2026-09-20 15:44:55,1.781
30816,Spice Bread,275,500,270,500,5,40,2026-09-20 20:05:07,1.8182
13756,Raw Summer Bass,9695,18400,8334,18400,9,9,2026-09-20 20:05:07,1.8979
44939,Lesser Flask of Resistance,201776,404900,114964,404900,875,60,2026-09-20 20:05:07,2.0067
32897,Mark of the Illidari,14360,29000,8085,29000,0,5,2026-09-20 15:44:55,2.0195
1399,Magic Candle,37122,77211,33620,77000,12,3,2026-09-20 20:05:07,2.0799
43466,Scroll of Strength VIII,9078,19798,3800,19599,225,30,2026-09-20 20:05:07,2.1809
41802,Imperial Manta Ray,6797,14902,5573,14800,8,141,2026-09-20 20:05:07,2.1924
38931,Scroll of Enchant Gloves - Blasting,160290,353750,96174,340000,0,5,2026-09-20 20:05:07,2.2069
41814,Glassfin Minnow,8235,18457,4941,14600,8,288,2026-09-20 20:05:07,2.2413
41381,Persistent Earthsiege Diamond,479133,1243044,287480,1234567,60000,8,2026-09-20 20:05:07,2.5944
37092,Scroll of Intellect VIII,7643,19999,5764,19999,270,44,2026-09-20 20:05:07,2.6166
43553,Glyph of Unbreakable Armor,12004,33022,2253,32808,100,22,2026-09-20 20:05:07,2.7509
15410,Scale of Onyxia,246819,749000,33469,749000,5000,4,2026-09-20 06:45:06,3.0346
5542,Pearl-clasped Cloak,32786,99995,32786,99995,370,3,2026-09-20 20:05:07,3.0499
42467,Glyph of Shadow Bolt,4823,15000,2894,14999,100,23,2026-09-20 20:05:07,3.1101
34765,Pickled Fangtooth,7063,27818,5307,27818,300,5,2026-09-20 14:04:57,3.9386
6271,Pattern: Red Linen Vest,2061,8844,475,8800,50,3,2026-09-20 20:05:07,4.2911
42744,Glyph of Ice Block,8582,47165,7640,46999,100,19,2026-09-20 20:05:07,5.4958
15409,Refined Deeprock Salt,54780,386666,35306,80000,1000,50,2026-09-20 20:05:07,7.0585
